issuer,all_count,free_count,paid_count,none_count
Cisco,211984,14901,117581,79502
Microsoft,38463,0,0,38463
IBM,28963,23726,1363,3874
Amazon Web Services Training and Certification,28257,0,0,28257
Coursera,9884,63,5502,4319
The Linux Foundation,8547,2886,5473,188
Project Management Institute,6667,966,5121,580
"SAFe by Scaled Agile, Inc.",6190,114,2,6074
CompTIA,5000,0,0,5000
SAP,4470,14,2156,2300
Scrum.org,3807,0,3807,0
ISC2,3738,38,33,3667
Broadcom,3550,45,11,3494
Oracle,3290,5,0,3285
ISACA,2913,0,17,2896
Global Information Assurance Certification (GIAC),2613,0,2307,306
Meta,2390,53,57,2280
IBM Professional Certification,2291,6,632,1653
Microsoft Elevate,2201,417,0,1784
Adobe,2127,0,455,1672
Section AI,2099,6,2076,17
Google Cloud,2069,0,0,2069
Certiprof,1930,1246,673,11
Pragmatic Institute,1902,0,1867,35
World Education Services,1802,0,0,1802
ICF Credentials and Standards,1658,0,1658,0
APMG International,1647,0,120,1527
International Coaching Federation,1579,1,1082,496
EY,1449,0,0,1449
Tableau,1401,640,601,160
SAS,1360,0,199,1161
USF Office of Microcredentials,1313,0,7,1306
Prosci,1308,0,1229,79
The Microsoft Garage,1261,6,0,1255
Pendo,1124,537,561,26
McKinsey & Company,1101,0,0,1101
The Open Group,1065,0,164,901
IBM SkillsBuild,1064,1064,0,0
Red Hat,1062,171,589,302
Society for Human Resource Management,961,14,829,118
Microsoft OpenHack,897,0,0,897
Microsoft Accessibility,895,894,0,1
Adobe Education,873,95,3,775
ConnectED - CE&S Learning Community,871,1,0,870
The Chartered Institute of Marketing,871,0,508,363
Snowflake,814,505,302,7
PwC,809,0,0,809
AttackIQ,777,777,0,0
iPEC Coaching,744,0,299,445
HRCI,711,0,0,711
DigitalMarketer,694,0,694,0
Microsoft Most Valuable Professionals Program,688,0,0,688
Microsoft Global Challenger,667,0,0,667
The Trade Desk,652,0,0,652
Nutanix,648,82,385,181
Microsoft - INSEAD,637,0,0,637
Hewlett Packard Enterprise,623,64,540,19
HPE Networking,600,0,6,594
Microsoft Advertising,570,562,0,8
Celonis,565,420,142,3
MICROSOFT,565,10,0,555
Microsoft 365 & Power Platform Community,555,0,0,555
Microsoft Azure Data Explorer,540,20,0,520
Microsoft Student Ambassadors,534,33,0,501
GitHub,530,10,520,0
Cloud Software Group,528,0,20,508
Offensive Security,527,0,527,0
McKinsey.org,525,525,0,0
"Certiport, a Pearson VUE business",523,0,2,521
Fortinet,517,355,151,11
Microsoft MCAPS Academy,509,136,0,373
Unity Technologies,485,263,0,222
Intel,483,151,39,293
Splunk,474,8,415,51
OPSWAT,466,231,235,0
Co-Active Training Institute,465,0,465,0
PeopleCert,459,0,0,459
Institute for Integrative Nutrition,449,0,0,449
EDUCAUSE,441,90,130,221
Miro,437,325,0,112
Autodesk,431,3,0,428
Alteryx,429,62,0,367
International Coaching Federation Professional Coaches,426,0,0,426
Association for Project Management,392,63,324,5
Microsoft Security,389,55,0,334
Skillable,376,4,12,360
ASIS International,370,2,204,164
Notion HQ,364,0,18,346
International Association of Accessibility Professionals (IAAP),362,0,220,142
GitLab,358,42,297,19
NI (National Instruments),355,137,206,12
Quality Matters,348,0,122,226
Canadian Securities Institute,348,0,0,348
Harvard Business Publishing Corporate Learning,347,0,2,345
Check Point Software Technologies,336,5,1,330
Acronis,333,329,0,4
SuccessCOACHING,332,0,261,71
RMIT,330,3,0,327
O'Reilly Media,330,0,330,0
Wharton Online,329,0,292,37
OneTrust,326,302,0,24
Make,324,324,0,0
APIsec University,317,44,29,244
Python Institute,311,0,100,211
IBM-SkillsBuild,289,289,0,0
CAIA Association,283,0,283,0
Hogan Assessments,282,0,282,0
Ericsson,278,5,89,184
Engineers Australia,276,0,7,269
Dell Technologies,273,7,225,41
ICAgile,270,0,270,0
UNSW,267,134,11,122
NACD - National Association of Corporate Directors,267,0,267,0
Okta,253,5,215,33
PECB,253,0,0,253
Kyndryl,252,183,0,69
Cloud Security Alliance,250,0,199,51
ILM,248,0,0,248
STEM Learning,247,1,0,246
Intuit,246,236,0,10
Association of International Certified Professional Accountants,242,0,226,16
Microsoft AI Business Solutions Enablement,236,27,0,209
MongoDB,234,117,111,6
Palo Alto Networks,233,53,143,37
AGSM@UNSW Business School,233,43,0,190
Isovalent,228,228,0,0
Astronomer,222,0,214,8
Aviatrix,222,0,41,181
Cohesity,214,159,10,45
FT Board Director Programme,214,0,18,196
IFRS Foundation,212,0,0,212
Informa,211,0,61,150
"National Board for Certified Counselors, Inc. - Greensboro, NC",211,0,0,211
Capacitación USACH,205,137,68,0
Wharton Executive Education,202,0,199,3
Virtually Testing Foundation,199,199,0,0
Shopify,197,21,176,0
CFA Society United Kingdom,197,0,197,0
edX,193,1,186,6
Commission on Dietetic Registration (CDR),187,0,187,0
Ping Identity Training,184,58,81,45
Solo.io,180,180,0,0
Microsoft Modern Marketer,178,0,0,178
Proofpoint,175,166,9,0
AWS Worldwide Field Enablement,174,95,0,79
Deakin University,174,0,10,164
NetApp,173,27,30,116
TD SYNNEX,171,107,0,64
The Institute of Internal Auditors,171,0,0,171
WorldQuant University,167,167,0,0
NVIDIA,166,36,130,0
City & Guilds,165,7,27,131
Braze,164,0,151,13
Challenger,164,0,164,0
"Saïd Business School, University of Oxford",164,0,164,0
Microsoft Education,156,20,1,135
Capella University,156,0,0,156
NeuroLeadership Institute,153,0,153,0
Association of Certified Fraud Examiners (ACFE),151,0,151,0
"Lightbend, Inc.",148,0,0,148
Claris,147,143,4,0
Microsoft Customer Connection,147,1,0,146
Qlik,146,37,63,46
The Association for Talent Development,145,0,86,59
Certified Life Coach Institute,140,0,140,0
Interskill Learning,140,0,0,140
School of Motion,139,0,136,3
EDM Association,139,0,27,112
Salesforce Accredited Professional,138,0,134,4
R3,137,0,116,21
JB Sales Training,137,0,137,0
ClearFit,137,0,0,137
Microsoft - Kellogg,137,0,0,137
Sitecore,136,39,97,0
Learning and Performance Institute,134,0,0,134
Genesys,133,2,0,131
Teradata,132,72,12,48
Veeam,132,0,0,132
HashiCorp Community,131,0,0,131
"Microsoft Machine Learning, AI & Data Science Conference (MLADS)",126,111,0,15
Apple Inc.,126,0,0,126
Griffith University,126,0,0,126
CoreNet Global,125,2,60,63
Pearson Higher Education,124,4,0,120
KNIME,121,57,46,18
Property Council of Australia,121,33,13,75
Digital Bookkeeper Association,120,0,0,120
In Professional Development,119,0,114,5
University of Phoenix,119,0,2,117
ZoomInfo,119,0,0,119
RangeForce,117,62,55,0
Exemplar Global,117,0,112,5
Learning Strategy and Design,117,0,117,0
Acreditta,115,77,19,19
ATD Certification Institute,115,0,91,24
Sophia Learning,115,0,114,1
Cadence Design Systems,114,0,0,114
American Mensa,114,0,0,114
Akamai,112,2,10,100
Gallup,111,0,111,0
IAB,111,0,7,104
Ivey Business School Executive Education,111,0,7,104
Siemens Digital Industries Software,110,0,6,104
Microsoft Americas Azure Team,109,27,0,82
Cato Networks,109,109,0,0
Colgate-Palmolive,109,72,0,37
Tilt 365,108,0,108,0
Competent Boards,108,0,93,15
Commvault,107,3,0,104
IICRC,106,0,88,18
Singularity,104,11,84,9
Healthcare Businesswomen's Association,104,0,0,104
Institute for Credentialing Excellence,103,0,55,48
PCI Security Standards Council,103,0,0,103
Events Industry Council,102,0,102,0
Dassault Systèmes,101,0,0,101
Outreach,101,0,0,101
Worldchefs,100,60,17,23
IDOL courses,98,7,91,0
F5,97,19,56,22
American Association for Marriage and Family Therapy,97,0,96,1
American Board of Obstetrics and Gynecology (ABOG),96,0,0,96
Mortgage Bankers Association,95,60,34,1
Logitech,94,94,0,0
Esri,93,3,87,3
College for Financial Planning,93,0,90,3
EGN (Executives' Global Network),92,0,84,8
Boston Consulting Group,92,0,0,92
MyInnerGenius,91,91,0,0
Micro Focus (now OpenText),91,56,23,12
Hudson Institute of Coaching,91,0,71,20
Microsoft - Lange International,91,0,0,91
IMA | Institute of Management Accountants,90,6,0,84
Accenture,90,0,40,50
Pharmacy Technician Certification Board,88,0,79,9
Avid Technology,88,0,87,1
National Wood Flooring Association,87,0,85,2
Blanchard,86,5,65,16
LIBF Part of Walbrook Institute London,86,0,0,86
PagerDuty,86,0,0,86
Snowflake Partner Network,85,85,0,0
Microsoft - Wharton,85,0,0,85
HP University,83,67,16,0
National Minority Supplier Development Council,83,11,0,72
Certified Management Accountant: CMA®,83,0,0,83
Association for Supply Chain Management (ASCM),82,2,80,0
Zendesk,82,57,25,0
International Behavior Analysis Organization,82,0,82,0
Brightest,82,0,11,71
Northeastern University,82,0,1,81
Badge Nation,81,76,5,0
Jamf,81,57,24,0
AWS Support Engineering,81,0,0,81
AT&T College Recruiting,80,80,0,0
Docusign,80,0,0,80
GAIN Academy,80,0,0,80
NASA Open Science,79,79,0,0
Zerto,79,75,0,4
IDPro,79,53,16,10
IFS,79,0,0,79
Warfighting Acquisition University (formerly DAU),78,0,0,78
Zurich Insurance,77,21,0,56
EFQM,76,6,70,0
USF Office of Corporate Training and Professional Education,76,0,8,68
Australian Institute of Training and Development,76,0,0,76
OET,76,0,0,76
Optimizely,75,21,26,28
VMware Skyline,74,74,0,0
Alation University,73,34,0,39
New Horizons Computer Learning Centers,73,0,73,0
International Project Management Association (IPMA),72,20,52,0
National Board for Health & Wellness Coaching,72,0,72,0
RIPE NCC,72,0,72,0
Centri,72,0,71,1
Association of Change Management Professionals®,71,2,69,0
AVIXA,71,0,71,0
National Association for Healthcare Quality® (NAHQ),71,0,71,0
ASAE,71,0,71,0
Randstad RiseSmart,71,0,0,71
TEKsystems,70,35,0,35
National Board for Professional Teaching Standards,70,0,0,70
ERICSSON,69,3,2,64
Solace,68,58,7,3
Utel Universidad,68,9,58,1
American Institute of CPAs,68,0,68,0
Pinterest,67,67,0,0
IASA Global,67,4,0,63
Bloom Institute of Technology,67,0,0,67
Smartsheet,66,0,53,13
The Coaching Academy,66,0,60,6
OpenText,66,0,32,34
DRI International,65,0,65,0
Digital Assets Council of Financial Professionals,65,0,14,51
DDI,64,0,64,0
Columbia Coaching Center of Excellence (CCOE),63,0,63,0
Healthcare Financial Management Association,63,0,0,63
TIBCO Software Inc.,63,0,0,63
SHRM Foundation,62,60,0,2
Booz Allen Hamilton,62,15,0,47
CyberArk,62,39,23,0
IECL,62,0,62,0
Nokia,61,3,58,0
CPA Australia,61,0,24,37
Forum for International Trade Training (FITT),61,0,21,40
.NET on AWS,60,55,0,5
Bentley Systems,60,10,0,50
FLAG,60,6,54,0
Everpure Certification (formerly Pure Storage),60,0,49,11
Consortium for Service Innovation,60,0,60,0
Training Industry,59,0,37,22
Sarmaaya Financials,59,0,59,0
Credly,58,20,0,38
CQUniversity,58,15,26,17
Resilience-Building Leader Program,58,0,19,39
Blue Prism,57,0,46,11
Chainlink Labs,56,56,0,0
Harness Inc,56,34,6,16
Lucid Software,56,56,0,0
Learning @ Morning Brew,56,0,56,0
ITSMA,56,0,0,56
Microsoft - Cloud Platform University,56,0,0,56
Heroic Public Speaking,55,0,54,1
OBM School,55,0,55,0
Essential Impact,55,0,55,0
Aperian,55,0,55,0
American Institute of Certified Planners (AICP),55,0,0,55
ABB Asea Brown Boveri Ltd,54,32,17,5
Gainsight,54,4,50,0
iTTi,54,2,52,0
CMAA,54,0,37,17
DigiCert,54,0,13,41
HP Inc.,53,53,0,0
Academy Xi,53,3,50,0
Intuit Job Readiness,53,2,0,51
HFI Training,53,0,2,51
CFRE International,53,0,53,0
PCMA Institute,53,0,51,2
Appcues,52,52,0,0
Extreme Networks,52,26,18,8
ARIS,52,50,2,0
Diligent,52,5,45,2
GRC Academy,52,0,52,0
Microsoft Security Marketing Program,51,51,0,0
Dynatrace,51,1,25,25
Universidad EAFIT,51,3,38,10
Ericsson Enterprise Wireless Solutions,51,0,0,51
Boston Consulting Group (BCG),51,0,0,51
Australasian Institute of Digital Health (AIDH),50,5,45,0
Datadog,50,31,18,1
HITEC,50,29,0,21
Association for Financial Professionals,50,1,4,45
TMS Global,50,0,49,1
The International Federation of Technical Analysts Inc.,50,0,50,0
InterSystems,50,0,32,18
Nonprofit Leadership Alliance,50,0,5,45
Microsoft Viva Insights,50,0,0,50
National Council of Examiners for Engineering and Surveying,50,0,0,50
Workiva,49,49,0,0
Arctera,49,1,6,42
Operam Academy,49,0,49,0
The Institutes,49,0,49,0
Roy Group Leadership Inc.,49,0,49,0
Society of Certified Senior Advisors,49,0,0,49
Governance Institute,49,0,0,49
KPMG International,49,0,0,49
Instituto Tecnológico Autónomo de México,49,0,0,49
Global Power Platform & Agent Bootcamp,49,0,0,49
Korn Ferry,49,0,0,49
Purdue University Global,48,2,5,41
BICSI ICT Certification Institute,48,0,48,0
GED Testing Service,48,0,0,48
SUNY CPD,47,30,13,4
EMURGO Academy,47,0,47,0
Rapid7,47,0,3,44
Rubrik,47,0,0,47
Career Thought Leaders | Resume Writing Academy,46,0,44,2
IFMA,46,0,30,16
OneStream Software,46,0,46,0
Registry of Interpreters for the Deaf,46,0,11,35
National Centre for Computing Education (NCCE),46,0,0,46
University of Minnesota,45,10,27,8
Hack The Box,45,0,45,0
Coach Masters Academy,45,0,45,0
Echelon Front,45,0,13,32
Microsoft - London Business School,45,0,0,45
AWS Strategic Partner Programs,44,44,0,0
Armis,44,19,0,25
CIM | Chartered Managers Canada,44,0,44,0
True Colors,44,0,42,2
Canadian Professional Sales Association,44,0,0,44
Institute of Singapore Chartered Accountants,44,0,0,44
TTC Institute,44,0,0,44
Amplitude,44,0,0,44
The SANS Institute,43,2,0,41
OKR International,43,0,43,0
The CCIM Institute,43,0,43,0
Pearson,43,0,0,43
Vodafone,43,0,0,43
Siemens Software,42,21,1,20
P&G,42,37,4,1
Hitachi Vantara,42,2,40,0
Universidad Tecmilenio,42,2,40,0
EnterpriseDB,42,2,14,26
TRACOM Group,42,0,42,0
Mastermind Assurance,42,0,42,0
Ookla (Speedtest and Ekahau) Training Center,42,0,42,0
Brown School of Professional Studies,42,0,42,0
PTC,42,0,42,0
Vlerick Business School,42,0,6,36
WorldSkills,42,0,0,42
Microsoft Digital Transformation,42,0,0,42
Kinaxis,42,0,0,42
Girl Scouts of the USA,42,0,0,42
National Association of Software & Services Companies (NASSCOM),42,0,0,42
Software AG,41,41,0,0
SLB,41,1,0,40
Psychotherapy and Counselling Federation of Australia,41,0,41,0
Practical DevSecOps,41,0,41,0
BetterWork Media Group,41,0,21,20
Recruiting Toolbox,41,0,36,5
ThoughtSpot,40,12,27,1
Linux Professional Institute,40,0,40,0
Visa University,40,0,1,39
Franklin University,40,0,13,27
CipherTrace,40,0,0,40
Okta Elevate,40,0,0,40
"International Risk Management Institute, Inc.",39,0,39,0
Circuit Stream,39,0,39,0
ISDI,39,0,6,33
Monash University,38,5,32,1
NetHope,38,20,18,0
The University of Vermont Professional and Continuing Education,38,0,38,0
Online Learning Consortium,38,0,38,0
Antler,38,0,0,38
Lumify Group,38,0,0,38
Twitter,37,37,0,0
Avaya,37,19,18,0
FourBlock,37,23,0,14
Cloudflare,37,14,0,23
Codefresh,37,0,37,0
WERC Talent Everywhere (Worldwide ERC®),37,0,32,5
Data Coach,37,0,37,0
"Schulich ExecEd, Schulich School of Business, York University",37,0,0,37
WorldatWork,37,0,0,37
Concordia University,37,0,0,37
Infor,37,0,0,37
Microsoft Global Employee Engagement,36,28,0,8
Kong,36,19,14,3
Universidad Virtual Liverpool,36,22,0,14
VMware Cloud Experts,36,36,0,0
BEDU,36,11,25,0
Microsoft Global Learning and Skilling,36,8,27,1
GF Institute,36,0,25,11
Sigma Nursing,36,0,1,35
"University of California, Irvine",36,0,0,36
Microsoft CET Global Speaker Program,36,0,0,36
NALA - The Paralegal Association,36,0,0,36
National Certification Board for Therapeutic Massage & Bodywork (NCBTMB),35,0,35,0
CNet Training,35,0,35,0
Freshworks,35,0,0,35
The BCI,35,0,0,35
ProKanban.org,35,0,0,35
IFEBP,35,0,0,35
Nirmata,34,33,0,1
Continia Software,34,34,0,0
SUNY Online,34,14,20,0
Star 6 Sigma Global Academy,34,11,20,3
NAIFA,34,17,17,0
Bridge Education Group,34,0,31,3
Board for Global EHS Credentialing,34,0,0,34
Future Today Strategy Group,34,0,0,34
ADMA,33,4,29,0
Universidad Santo Tomás,33,23,0,10
Colegio de estudios superiores de administración - CESA,33,5,28,0
The Institute of Asset Management,33,1,32,0
Center for Legal Studies,33,0,33,0
Workday,33,0,25,8
National Association of Secondary School Principals,33,0,0,33
Peter Berry Consultancy,32,32,0,0
PVH Corp.,32,32,0,0
Microsoft Africa Development Center,32,26,0,6
Asociación Española para el Fomento de la Seguridad de la Información,32,0,22,10
UPCEA,32,0,12,20
Villanova University College of Professional Studies,32,0,0,32
U of Digital,32,0,0,32
HashiCorp Professional Services,32,0,0,32
Fandom,31,31,0,0
Jones Lang LaSalle,31,21,10,0
International Association of Eating Disorders Professionals,31,0,31,0
ACT,31,0,4,27
"The Partnership, Inc.",31,0,0,31
AWS WWCS Solution Architect,30,28,0,2
Data Protocol,30,20,10,0
Earth Academy,30,6,20,4
Property Council Academy,30,1,29,0
Association of Certified E-Discovery Specialists (ACEDS),30,0,13,17
Flow Coaching Institute,30,0,30,0
Cornerstone,30,0,0,30
Syniti,29,12,3,14
SMU,29,0,26,3
CrowdStrike,29,0,28,1
Australian and New Zealand Institute of Insurance and Finance,29,0,28,1
Medical Group Management Association (MGMA),29,0,29,0
MATILLION,29,0,22,7
NATO School Oberammergau,29,0,10,19
Emory Executive Education | Goizueta Business School,29,0,15,14
Future Workplace Academy,29,0,3,26
mthree Academy,29,0,4,25
Deloitte Certified US,29,0,0,29
Microsoft FastTrack,29,0,0,29
Eleven Fifty Academy,29,0,0,29
BMO,29,0,0,29
The Hackett Institute,29,0,0,29
MYOB,28,25,0,3
KUDO,28,28,0,0
CEED/CGEC - uOttawa,28,28,0,0
Federal Reserve Bank of St. Louis,28,26,0,2
Procertas,28,0,28,0
OKA,28,0,28,0
The Australasian Institute of Mining & Metallurgy (AusIMM),28,0,26,2
Cyber Leadership Institute,28,0,28,0
GP Strategies,28,0,28,0
SMRPCO,28,0,28,0
Google Career Certificates,28,0,0,28
SIG (Sourcing Industry Group),28,0,0,28
Universidad CENFOTEC,27,14,13,0
Vonage,27,16,0,11
SolarWinds Worldwide LLC,27,26,1,0
Virginia Commonwealth University,27,11,10,6
Tanium,27,2,22,3
WileyNXT,27,0,24,3
SQLskills,27,0,27,0
UBS,27,0,2,25
The Chartered Institute of Export & International Trade,27,0,4,23
ABET,27,0,1,26
Kellanova,27,0,0,27
NCCER,27,0,0,27
Common Europe,26,6,0,20
GSV Startup Bootcamp,26,26,0,0
"UVA Darden School Foundation, Executive Education & Lifelong Learning",26,7,19,0
Nozomi Networks,26,13,13,0
Justice U™,26,10,16,0
Ataccama,26,2,24,0
Southern Alberta Institute of Technology,26,0,2,24
DIA,26,0,24,2
Society of Tribologists and Lubrication Engineers (STLE),26,0,22,4
Association of Clinical Research Professionals (ACRP),26,0,14,12
MOR Associates,26,0,26,0
Key Step Media,26,0,26,0
Board of Pharmacy Specialties,26,0,0,26
National Academy of Human Resources (NAHR),26,0,0,26
Rackspace Technology,26,0,0,26
Arcitura Education,26,0,0,26
Emergn Ltd,25,2,23,0
Boston University,25,1,0,24
Unisys,25,2,0,23
Randstad,25,3,0,22
Medable,25,1,0,24
iNLP Center,25,0,25,0
NABCEP,25,0,25,0
Contentful,25,0,22,3
Revenue Storm,25,0,25,0
DCD Academy,25,0,25,0
ACI Learning,25,0,25,0
Chartered Institute of Information Security,25,0,25,0
It Institute,25,0,25,0
Shipley Certification,25,0,18,7
"Opsgility, LLC",25,0,12,13
Playfair Data,25,0,9,16
AdobeEDU,25,0,0,25
GS1 US,25,0,0,25
Grant Thornton US,25,0,0,25
Akkodis,25,0,0,25
Jisc,24,11,13,0
Ansys,24,5,9,10
Microsoft Digital,24,3,0,21
Agile Business Consortium,24,9,0,15
Impact Investment Exchange,24,2,17,5
Acuity Institute,24,0,24,0
SBI Growth,24,0,24,0
Association of Asset Management Professionals,24,0,24,0
Beyond EI,24,0,24,0
Auditor Training Online (RTO 45123),24,0,24,0
Compete to Create,24,0,24,0
Certification Board for Music Therapists,24,0,0,24
American Society of Home Inspectors,24,0,0,24
Microsoft In a Day Program,24,0,0,24
Huawei,24,0,0,24
AWS Data Lab,24,0,0,24
American Culinary Federation,24,0,0,24
"Florida International University (FIU) Continuing, Professional, and Executive Education",24,0,0,24
APUS Microcredentials,24,0,0,24
HSBC,24,0,0,24
APCA,24,0,0,24
Integral Ad Science,23,19,0,4
APIDM - Asia Pacific Institute of Digital Marketing,23,2,21,0
Binghamton University,23,5,18,0
Rumos,23,2,21,0
PayrollOrg,23,0,23,0
Bellevue University,23,0,2,21
The Black Swan Group,23,0,23,0
Infios,23,0,2,21
"Industry Workforce Solutions, Inc.",23,0,0,23
Pearson English Language Learning,23,0,0,23
Vensure Employer Solutions,23,0,0,23
Study.com,23,0,0,23
Cisco Design Thinking,23,0,0,23
Big Picture,23,0,0,23
Cal State East Bay,23,0,0,23
ESPOL - Escuela Superior Politécnica del Litoral,22,22,0,0
Baker Hughes,22,14,0,8
Digital Medicine Society (DiMe),22,4,18,0
Ironclad,22,22,0,0
American Society of Health-System Pharmacists,22,3,13,6
UNC Charlotte,22,5,17,0
Medallia,22,1,21,0
Construction Specifications Institute,22,0,22,0
Arista,22,0,22,0
SafeStack,22,0,22,0
Massachusetts Institute of Technology,22,0,22,0
Victorian Chamber of Commerce and Industry,22,0,16,6
Cahoot Learning,22,0,20,2
Numentum,22,0,5,17
Certification Board of Infection Control and Epidemiology,22,0,22,0
Couchbase,22,0,1,21
Entomological Society of America,22,0,1,21
Digicomp Academy AG,22,0,0,22
Sounding Board Inc.,22,0,0,22
AIS Academy,22,0,0,22
Shopee Singapore,22,0,0,22
Escalab Tech,21,12,9,0
Five9,21,9,3,9
Asociación Colombiana de Universidades,21,10,9,2
"TKMG Academy, Inc.",21,3,18,0
Hilton,21,8,10,3
National Fire Protection Association®,21,0,18,3
Latino Business Action Network,21,0,21,0
ManchesterCF,21,0,11,10
Agile Change Leadership Institute,21,0,21,0
"RIMS, the risk management society",21,0,10,11
The Forum on Education Abroad,21,0,17,4
LearnQuest,21,0,14,7
USC Marshall Executive Education,21,0,18,3
Zscaler,21,0,21,0
International Education Association of Australia (IEAA),21,0,4,17
ASHRAE,21,0,0,21
Universidad del Rosario,21,0,0,21
Statistics.com,21,0,0,21
Wray Castle Limited,21,0,0,21
Santander,20,17,0,3
Plesk,20,12,0,8
Credly by Pearson,20,12,0,8
International Society for Medical Publication Professionals,20,0,20,0
University of Central Missouri,20,0,20,0
MindHub,20,0,20,0
Asialink,20,0,14,6
The Tax Institute,20,0,20,0
York University,20,0,0,20
CAMICB,20,0,0,20
Microsoft US Business Outcome Selling,20,0,0,20
Lehman College/CUNY,20,0,0,20
XM Cyber,19,18,0,1
Symphony,19,19,0,0
Basis Technologies,19,5,0,14
CIDQ (Council for Interior Design Qualification),19,0,19,0
Society of Wine Educators,19,0,19,0
Board of Canadian Registered Safety Professionals,19,0,18,1
Talogy,19,0,19,0
Perforce,19,0,4,15
Sri Lanka Institute of Marketing (SLIM),19,0,14,5
Beta Alpha Psi,19,0,19,0
AIIR Consulting,19,0,10,9
Avocademy,19,0,19,0
Dalhousie University,19,0,7,12
Security Compass,19,0,0,19
VMware User Group,19,0,0,19
Publicis Sapient,19,0,0,19
C++ Institute,19,0,0,19
Consalta,19,0,0,19
CILEX (The Chartered Institute of Legal Executives),19,0,0,19
Talento Digital para Chile,18,18,0,0
Camunda,18,10,8,0
The New York Academy of Sciences,18,10,5,3
ASTM International,18,5,13,0
Microsoft Community,18,1,0,17
o9 Solutions,18,2,15,1
Universidad Pontificia Bolivariana,18,1,17,0
KM Institute,18,0,18,0
Society for American Baseball Research,18,0,18,0
ETA International,18,0,16,2
USI,18,0,18,0
Venture University,18,0,18,0
Methodry,18,0,18,0
CHIME,18,0,7,11
The Community Solution Education System,18,0,5,13
Northern Alberta Institute of Technology,18,0,18,0
Chartered Institute of Public Relations,18,0,9,9
North Carolina State Executive Education,18,0,3,15
Radisson Hotel Group,18,0,9,9
Blue Wave,18,0,0,18
American Arbitration Association,18,0,0,18
Microsoft - SME&C,18,0,0,18
myHRfuture,18,0,0,18
CareerClover,18,0,0,18
University at Buffalo,18,0,0,18
PDMA - Product Development and Management Association,18,0,0,18
EPIC People,18,0,0,18
Florida International University (FIU),18,0,0,18
ClickHouse,17,13,4,0
Microsoft Power Up Program,17,16,0,1
TechXpert.Guru,17,5,12,0
Microsoft US Office of Digital Data Science (MODDS),17,17,0,0
Kennesaw State University,17,17,0,0
Ververica,17,12,5,0
InfluxData,17,16,0,1
Universidad de las Américas - UDLA,17,1,7,9
RED SUMMA Sistema Universitario Abierto de las Américas,17,2,15,0
Scania CV,17,5,1,11
Modern Endpoint Management,17,7,0,10
Eclipse Foundation,17,2,0,15
Universidad San Francisco de Quito,17,2,5,10
Cruxes Innovation,17,0,17,0
Soomo Learning,17,0,17,0
"Institute of Certified Management Accountants, Australia & NZ (CMA ANZ)",17,0,17,0
The Beryl Institute Credentialing Center,17,0,17,0
Universidad El Bosque,17,0,17,0
American Gem Society,17,0,1,16
Archer,17,0,10,7
Semco Style Institute,17,0,17,0
Change Management Institute,17,0,13,4
Cloudera,17,0,17,0
Money Management Institute,17,0,14,3
Nord Pool Academy,17,0,17,0
Society for Health Care Strategy & Market Development (SHSMD),17,0,12,5
Internal Control Institute,17,0,17,0
DEVMOUNTAIN,17,0,0,17
Explore Google Cloud,17,0,0,17
Veritas now part of Cohesity,17,0,0,17
"Teaching Science and Technology, Inc.",17,0,0,17
Endeavor,17,0,0,17
Richardson,17,0,0,17
DEF CON,17,0,0,17
Cushman & Wakefield,17,0,0,17
MACH Alliance,16,12,2,2
Clay,16,16,0,0
Keysight Technologies,16,4,0,12
Cardano Foundation,16,15,1,0
Loss Prevention Foundation,16,5,11,0
Penguin Solutions,16,16,0,0
Mode,16,16,0,0
IAB - Interactive Advertising Bureau México,16,11,3,2
Centro de Innovación y Desarrollo Emprendedor (CIDE-PUCP),16,1,15,0
Australian Association of Social Workers (AASW),16,2,14,0
MAD20,16,0,16,0
National Association of Plan Advisors (NAPA),16,0,16,0
National Institute for Social Media,16,0,14,2
UMass Lowell Professional Training,16,0,13,3
Axxess,16,0,16,0
NAMSS,16,0,16,0
Flatter Leadership Academy,16,0,16,0
World Happiness Foundation,16,0,16,0
Digital Skills Agency,16,0,15,1
University of Utah,16,0,4,12
Institute for Applied Network Security,16,0,16,0
HCLSoftware U,16,0,12,4
American Medical Informatics Association® (AMIA®),16,0,16,0
Obeya Association,16,0,15,1
Board of Certification for Emergency Nursing,16,0,0,16
City & Guilds Foundation,16,0,0,16
Consortium for School Networking,16,0,0,16
Sirion,16,0,0,16
LVMH House Americas,16,0,0,16
Microsoft Tech for Social Impact,16,0,0,16
SentinelOne,16,0,0,16
University of Florida,15,5,6,4
LA Community College District,15,15,0,0
VMware - Trained Professional,15,12,0,3
Roku,15,15,0,0
Linde,15,14,0,1
Stony Brook University,15,1,0,14
Rocket Software,15,8,4,3
CEdMA Enterprise,15,4,8,3
Hacking HR,15,1,14,0
The Worldwide Cleaning Industry Association,15,2,13,0
"Kotter International, Inc.",15,0,15,0
Influential U,15,0,15,0
Herrmann,15,0,15,0
The Ida Institute,15,0,3,12
The Mintable,15,0,15,0
Performance Consultants International,15,0,15,0
HIMSS,15,0,15,0
Esme Learning Solutions,15,0,15,0
AFS Intercultural Programs,15,0,5,10
Swiss Armed Forces,15,0,15,0
Savannah College of Art and Design,15,0,0,15
International Association for Health Coaches (IAHC),15,0,0,15
The Federation for Informatics Professionals,15,0,0,15
Blue Yonder,15,0,0,15
ARDMS,15,0,0,15
Insurance Institute of Canada / Institut d’assurance du Canada,15,0,0,15
Rocheston,15,0,0,15
Deltek,15,0,0,15
Instituto Profesional IACC,15,0,0,15
Pearson College and Career Readiness Programs,15,0,0,15
W.K. Kellogg Foundation,15,0,0,15
Course Conductor,15,0,0,15
Zebra Technologies,15,0,0,15
ServiceNow,14,6,6,2
TigerGraph,14,14,0,0
Demandbase,14,14,0,0
NiCE,14,6,0,8
Pearson School Qualifications,14,11,0,3
Fossil Group,14,11,0,3
Blanchard Australia,14,4,0,10
Infineon Technologies Asia Pacific Pte. Ltd,14,8,3,3
"Forescout Technologies, Inc.",14,5,9,0
M365 CORE | Engage - People Recognition Beta 3.3,14,12,0,2
Emory Continuing Education,14,1,7,6
The Institute for Advanced Financial Education (IAFE),14,0,14,0
Rouxbe Global Food Group,14,0,14,0
Case Western Reserve University,14,0,14,0
Montel Group,14,0,14,0
Eastern Michigan University,14,0,7,7
AMT,14,0,14,0
Cranfield University,14,0,3,11
FDP Institute,14,0,14,0
Rutgers Business School,14,0,14,0
"Salesloft, Inc.",14,0,7,7
Madison College,14,0,1,13
The Coca-Cola Company,14,0,0,14
Microsoft Strategic Missions and Technologies,14,0,0,14
Microsoft E+D Divisional FHL program,14,0,0,14
Expertunity,14,0,0,14
"AI Networking Summit, Produced by ONUG",14,0,0,14
Monash College,14,0,0,14
West Monroe,14,0,0,14
OpenUK,13,12,0,1
WorldSkills UK,13,11,0,2
Proximus,13,8,0,5
Sysdig,13,13,0,0
DirectTrust,13,10,3,0
Collibra,13,1,3,9
American Medical Certification Association,13,4,0,9
Digital Maturity Group,13,0,13,0
CREST,13,0,4,9
The Coach Partnership,13,0,13,0
National Social Security Association,13,0,13,0
Universidad Benito Juárez G.,13,0,13,0
ITSMF,13,0,13,0
Collective Change Institute,13,0,10,3
Pathstream,13,0,13,0
Sooner Safer Happier,13,0,9,4
Collab365,13,0,13,0
ACFCS,13,0,13,0
Rutgers University–New Brunswick,13,0,13,0
Year Up,13,0,9,4
University of New Hampshire,13,0,0,13
Labtrikz,13,0,0,13
Hanken & SSE Executive Education,13,0,0,13
VMware Innovation,13,0,0,13
Boeing,13,0,0,13
International Fact-Checking Network,13,0,0,13
The HOW Institute for Society,13,0,0,13
Akkodis Group,13,0,0,13
IDC,13,0,0,13
The Community Roundtable,12,3,3,6
Fair Chance Learning,12,4,0,8
Security Industry Association (SIA),12,12,0,0
eWorks,12,12,0,0
"2U, Inc.",12,8,0,4
Telstra,12,12,0,0
Fluid Attacks,12,6,6,0
ACESENCE,12,9,3,0
Microsoft Western Europe Developer,12,5,0,7
Ciena,12,6,2,4
American Marketing Association,12,0,12,0
CMT Association,12,0,12,0
Fashion Institute of Technology,12,0,10,2
Pharmaceutical Advertising Advisory Board,12,0,12,0
Adobe Digital Learning Services,12,0,12,0
NCFDD,12,0,12,0
Veritas Culture,12,0,12,0
The Brooks Group,12,0,12,0
GKC Group,12,0,12,0
IACET,12,0,12,0
K-infra,12,0,12,0
Micro HR by HRCP,12,0,12,0
P3 Adaptive,12,0,12,0
World Institute for Action Learning (WIAL),12,0,8,4
Emic Lab,12,0,12,0
University of Louisville,12,0,11,1
Cielo Talent,12,0,12,0
Georgetown University,12,0,3,9
UC San Diego Extended Studies,12,0,8,4
Future of Privacy Forum,12,0,12,0
"Oxford University, Department of Economics",12,0,9,3
Koenig Solutions,12,0,5,7
WiLD LEADERS,12,0,12,0
Pearson Badging,12,0,3,9
mindbodygreen,12,0,0,12
Patents@Pearson,12,0,0,12
Epicor,12,0,0,12
Deloitte Certified Credentials,12,0,0,12
VertiMax,12,0,0,12
SparkFabrik,12,0,0,12
The Center for Internet Security,12,0,0,12
iTrain Asia,12,0,0,12
NCCU Division of Extended Studies,11,7,0,4
New Jersey School Boards Association,11,10,0,1
Armanino Advisory LLC,11,11,0,0
Interlat Digital Enterprise Intelligence,11,11,0,0
GovHack,11,11,0,0
Temple University Non-Credit and Continuing Education,11,3,8,0
World Education,11,11,0,0
Disney Programs,11,10,0,1
Texas A&M Engineering Extension Service,11,2,0,9
VETASSESS,11,0,11,0
AMVO: Asociacion Mexicana de Venta Online,11,0,7,4
Exos,11,0,11,0
Catalyst Constellations,11,0,11,0
University of Denver,11,0,8,3
Club Management Association of America,11,0,11,0
Brand Storytelling,11,0,11,0
Institute of Public Works Engineering Australasia (IPWEA),11,0,6,5
Base Over Apex,11,0,11,0
Teknowledge,11,0,11,0
BigID,11,0,11,0
"Institute for Professional Advancement, Inc. (IPA)",11,0,11,0
The 12-Week MBA by Abilitie,11,0,11,0
Janek Performance Group,11,0,11,0
Process Mentors,11,0,11,0
Wiley Finance & Accounting,11,0,9,2
Treefrog Inc.,11,0,0,11
Ecopetrol,11,0,0,11
Ferrazzi Greenlight,11,0,0,11
Pennsylvania Training and Technical Assistance Network,11,0,0,11
Microsoft Cross Solution Level Up Program,11,0,0,11
Villanova University,11,0,0,11
AWS Managed Cloud,11,0,0,11
Magnite,10,10,0,0
Oficina de la OIT para los Países Andinos,10,10,0,0
Society for Imaging Informatics in Medicine (SIIM),10,6,4,0
Intel 471,10,10,0,0
Merrimack College,10,8,0,2
Seer 365,10,10,0,0
Kent State University,10,7,2,1
Unqork,10,3,4,3
#JLLDataFam,10,10,0,0
University of Colorado Boulder,10,6,1,3
Exiger,10,3,0,7
AWS WWCO Pan-Geo Com Field Sales,10,7,0,3
Hearst,10,4,0,6
Arrow Education Services,10,6,0,4
The Woolmark Company,10,1,0,9
"Asociación Mexicana de Instituciones Bursátiles, A.C.",10,0,9,1
Sustainable Floristry Network,10,0,10,0
Association of Product Professionals,10,0,10,0
Pwned Labs,10,0,10,0
DroneSec,10,0,10,0
SFIA Foundation,10,0,9,1
FranklinCovey,10,0,10,0
Australasian College of Health Service Management (ACHSM),10,0,10,0
CENGN,10,0,10,0
Boston University Center for Professional Education,10,0,10,0
Latino Leadership Institute,10,0,6,4
Global Compliance Institute,10,0,10,0
UCSC Silicon Valley Extension,10,0,10,0
ExitCertified,10,0,6,4
Inspection Certification Associates,10,0,10,0
Greenpixie,10,0,10,0
Lean Agile Institute,10,0,10,0
JFrog,10,0,2,8
The Executive Leadership Council,10,0,1,9
AHIMA,10,0,1,9
UK Customs Academy,10,0,4,6
The American Institute of Certified Tax Planners,10,0,0,10
Australia & New Zealand Academy for Eating Disorders (ANZAED),10,0,0,10
Notion,10,0,0,10
Orkla,10,0,0,10
One Young World,10,0,0,10
AGA,10,0,0,10
Stratominds®,10,0,0,10
Anti-Pattern Inc.,10,0,0,10
Cybereason,10,0,0,10
ASPIRE,10,0,0,10
Interaction Associates,10,0,0,10
H Layer Credentialing,10,0,0,10
GridGain,9,6,0,3
BCI,9,9,0,0
Oklahoma State Regents for Higher Education (OSRHE),9,4,3,2
Yale Ciencia Initiative,9,9,0,0
Microsoft Health & Life Sciences Industry Academies,9,9,0,0
ACTS,9,9,0,0
AcademyGlobal (AG),9,6,3,0
ZEDEDA,9,8,0,1
Escuela Bancaria y Comercial S.C.,9,5,4,0
CHAP | Community Health Accreditation Partner,9,0,9,0
Kindermusik International,9,0,5,4
Avature Limited,9,0,9,0
Marietta College,9,0,8,1
Agile Scrum Group,9,0,9,0
Manufacturing Skill Standards Council,9,0,9,0
TryHackMe,9,0,9,0
American Welding Society,9,0,8,1
Financial Psychology Institute®,9,0,9,0
The University of Texas at Arlington Extension and Extended Campus,9,0,9,0
The Commission on Rehabilitation Counselor Certification (CRCC),9,0,9,0
Dental Assisting National Board,9,0,9,0
The OKR Method,9,0,9,0
Granicus,9,0,9,0
Nexacu,9,0,9,0
TRAITS,9,0,9,0
Forrest Performance Group,9,0,9,0
Smarsh,9,0,9,0
Praxis AI,9,0,9,0
American Academy of Actuaries,9,0,9,0
Opportunity Hub,9,0,9,0
Omada A/S,9,0,0,9
Certara,9,0,0,9
BNP Paribas,9,0,0,9
Language Testing International,9,0,0,9
University of Illinois Springfield,9,0,0,9
Microsoft Cloud Sales Academy,9,0,0,9
GroupM Nexus,9,0,0,9
"American Board for Certification in Orthotics, Prosthetics & Pedorthics",9,0,0,9
Arc Jumpstart,9,0,0,9
UKGTF,9,0,0,9
BeyondTrust,9,0,0,9
ICON,9,0,0,9
Hennepin Healthcare,9,0,0,9
ASEM® | American Society for Engineering Management®,9,0,0,9
CSCA® (Certified in Strategy and Competitive Analysis),9,0,0,9
International Society of Certified Employee Benefit Specialists,9,0,0,9
Moderna,9,0,0,9
mobileLIVE,9,0,0,9
Smartsheet Aligned Partner Network,8,8,0,0
TUC,8,8,0,0
AWS Community,8,5,0,3
Ford Motor Company,8,4,0,4
Centric Brands,8,8,0,0
microsoft,8,8,0,0
SiriusXM Media,8,8,0,0
University of Texas at San Antonio,8,8,0,0
Hunters,8,8,0,0
Canadian Institute of Planners,8,1,7,0
Salt Security,8,8,0,0
Allegis Global Solutions,8,5,0,3
Ardoq,8,1,0,7
JS Institute,8,0,8,0
Hospitality Financial and Technology Professionals,8,0,2,6
International Association of Business Communicators,8,0,8,0
IQN,8,0,8,0
Quickstart Inc.,8,0,8,0
EDUCACIÓN CONTINUA – UNIVERSIDAD DE CUENCA,8,0,6,2
Felipe Vergara LLC,8,0,8,0
PMO Strategies,8,0,8,0
LendingTree University,8,0,8,0
University of Houston,8,0,8,0
ecfirst,8,0,8,0
The Painted Sky,8,0,8,0
Crisil,8,0,6,2
NRF Foundation,8,0,8,0
Cox School of Business at Southern Methodist University,8,0,8,0
Red Education,8,0,8,0
UNC-Chapel Hill,8,0,8,0
Denison Edge,8,0,5,3
Openprise,8,0,5,3
Applied Frameworks,8,0,8,0
Imperial College Business School Executive Education,8,0,8,0
Thomson Reuters,8,0,8,0
CyberDefenders,8,0,8,0
HCI Academy,8,0,8,0
BlueCat Networks,8,0,8,0
Inform USA,8,0,0,8
Texas A&M University - Bush School of Government & Public Service,8,0,0,8
Parallels,8,0,0,8
Institute and Faculty of Actuaries,8,0,0,8
Microsoft 365 Partner Marketing,8,0,0,8
KPMG US,8,0,0,8
LearnLaunch,8,0,0,8
CyberStronger,8,0,0,8
The Jackson Laboratory,8,0,0,8
Zayed University,8,0,0,8
Auburn University,8,0,0,8
Penn Foster,8,0,0,8
Tecnológico de Monterrey,8,0,0,8
Cyara,8,0,0,8
CHRISTUS Health,8,0,0,8
MarketScale,8,0,0,8
Endava,8,0,0,8
Genetec Inc.,8,0,0,8
ExploreLearning,8,0,0,8
The Chicago School,8,0,0,8
Quantexa,8,0,0,8
National Healthcareer Association,8,0,0,8
Skill Board,8,0,0,8
American Planning Association,8,0,0,8
Saint Mary’s University of Minnesota,8,0,0,8
Viant,7,7,0,0
REA Group,7,4,0,3
The Leading Learning Partners Association,7,4,0,3
C3 Companies Creating Change,7,7,0,0
Pearson Clinical Assessment,7,6,0,1
Pace University,7,6,1,0
Corporación Ecuatoriana para el Desarrollo de la Investigación y la Academia CEDIA,7,2,5,0
Holcim MAQER Ventures,7,2,0,5
Bayer,7,7,0,0
AWS Public Sector Australia & New Zealand,7,7,0,0
BIFA (British International Freight Association),7,3,4,0
GUIDE SHARE EUROPE,7,7,0,0
Torrens University Australia,7,5,2,0
Enroly,7,7,0,0
Microsoft MEA Customer Partner Experience,7,1,0,6
UC Davis Division of Continuing and Professional Education,7,1,3,3
Adalid Chile,7,6,1,0
ADP,7,2,4,1
Western Academy Support and Training Center,7,1,2,4
George Mason University,7,1,2,4
National Association for Community College Entrepreneurship,7,1,6,0
"Bluebeam, Inc.",7,2,5,0
Full Focus,7,0,7,0
DecisionWise,7,0,7,0
Positive Acorn,7,0,7,0
"University of Cambridge, Judge Business School",7,0,7,0
Certinia,7,0,7,0
Technology Association of Grantmakers,7,0,7,0
uExcelerate,7,0,3,4
UNIVERSIDAD CATÓLICA DE SALTA,7,0,5,2
Evolve Academy,7,0,7,0
N2K Networks,7,0,7,0
NCTRC,7,0,7,0
Compliance Institute,7,0,7,0
Universidad de Monterrey,7,0,4,3
Boostaro,7,0,7,0
FIRE UP Coaching,7,0,7,0
Missing Link,7,0,7,0
Accreditation Council for Accountancy and Taxation,7,0,7,0
Balanced Scorecard Institute,7,0,7,0
Pepperdine University – Graduate School of Education and Psychology (GSEP),7,0,1,6
Texas A&M University Mays Business School,7,0,7,0
Line Learning and Development Solutions,7,0,7,0
American Association of Collegiate Registrars and Admissions Officers,7,0,7,0
PM CERTIFICA,7,0,7,0
National Institute for Staff and Organizational Development,7,0,5,2
Australian HR Institute,7,0,7,0
TPC Leadership,7,0,7,0
Wade Institute,7,0,7,0
The Diversity Movement,7,0,7,0
Virtanza,7,0,2,5
PPM Manajemen,7,0,7,0
State Farm,7,0,0,7
USC Center for Excellence in Teaching,7,0,0,7
ReligionAndPublicLife.org,7,0,0,7
Microsoft CAT,7,0,0,7
Open Source in Pharma,7,0,0,7
Seton Hall University,7,0,0,7
Logical Operations / Communispond,7,0,0,7
"GE Appliances, A Haier Company",7,0,0,7
IT Certification Council,7,0,0,7
Universidad Nacional de Colombia,7,0,0,7
Association of Enterprise Architects,7,0,0,7
SalesFuel,7,0,0,7
The Point-of-Care Ultrasound (POCUS) Certification Academy™,7,0,0,7
athenahealth,7,0,0,7
BAT,7,0,0,7
Greenhouse Software,7,0,0,7
BARBRI Global,7,0,0,7
Logitech + Microsoft Teams,7,0,0,7
Bell Leadership Institute,7,0,0,7
Miami Dade College,7,0,0,7
Professionals in Humanitarian Assistance and Protection (PHAP),7,0,0,7
Korn Ferry Charitable Foundation,7,0,0,7
UWE Bristol,7,0,0,7
The Adecco Group University,6,4,0,2
Specified Technologies Inc.,6,6,0,0
WitFoo,6,6,0,0
Itaú Unibanco,6,1,0,5
Major Guidance Solutions,6,6,0,0
Energy Academy NZ,6,6,0,0
WatchGuard Technologies,6,1,0,5
FloQast,6,1,0,5
SingleStore,6,6,0,0
Starburst,6,1,5,0
QA Ltd,6,4,2,0
Association of Diabetes Care & Education Specialists,6,1,4,1
EVERITAS,6,6,0,0
42,6,6,0,0
XP Inc.,6,6,0,0
Electives,6,3,3,0
Elastic Path,6,1,5,0
Ivanti,6,2,3,1
Colaberry,6,1,5,0
Advocis,6,0,6,0
The Chartered Institute of Building (CIOB),6,0,6,0
Electronic Transactions Association,6,0,6,0
die.agilen GmbH,6,0,6,0
CareerLearning,6,0,6,0
"P3GQA - Project, Programme & Portfolio Governance Qualification Authority",6,0,6,0
American Board of Imaging Informatics,6,0,6,0
American Management Association,6,0,6,0
American Software ®,6,0,6,0
BŌMĪ,6,0,6,0
Association of Child Life Professionals,6,0,6,0
The International Coaching Group Inc.,6,0,6,0
BPTS - Board of Pharmacy Technician Specialties,6,0,6,0
American Water Works Association,6,0,6,0
Center for Executive and Professional Education,6,0,6,0
Ph. Creative,6,0,6,0
Learning Actors,6,0,5,1
Quantum Endeavors - Inpowered Coaching Institute®,6,0,6,0
ARCS Australia Limited,6,0,6,0
Milwaukee Area Technical College,6,0,6,0
The Law Society,6,0,6,0
SUMMA CENTER LATAM,6,0,6,0
ProfCerti,6,0,6,0
The Leadership Intensive,6,0,6,0
"The University of Queensland, Business School",6,0,4,2
The Lincoln Leadership Institute,6,0,6,0
Prodevia Learning,6,0,6,0
Women's Leadership Institute of Utah,6,0,6,0
The Corker Collective,6,0,6,0
Oklahoma Wesleyan University,6,0,6,0
ProEd,6,0,6,0
Engineering Management Institute,6,0,3,3
Association of Business Process Management Professionals International,6,0,0,6
Amadeus,6,0,0,6
d-force GmbH,6,0,0,6
Risk Management Institute of Australasia (RMIA),6,0,0,6
GovTech,6,0,0,6
Aston Carter,6,0,0,6
Attorney General Alliance Partnership (AGA AP),6,0,0,6
DP World,6,0,0,6
Tools4ever B.V.,6,0,0,6
Walmart,6,0,0,6
"Talkdesk, Inc.",6,0,0,6
LawShelf Educational Media,6,0,0,6
SnapLogic,6,0,0,6
Starr Commonwealth,6,0,0,6
Dale Carnegie & Associates,6,0,0,6
Marketing + Media Alliance,6,0,0,6
The Pat Tillman Foundation,6,0,0,6
Visa Early Career Programs,6,0,0,6
Avantor,6,0,0,6
The Rockefeller Center for Public Policy at Dartmouth,6,0,0,6
S&P Global Ratings,6,0,0,6
Zurich Global Commercial Insurance Academy,6,0,0,6
FiAD - Foro de Innovación para el Aprendizaje y el Desarrollo,6,0,0,6
QuerySurge,6,0,0,6
Google Cloud Speakers Bureau,6,0,0,6
MathWorks,6,0,0,6
Scale Up Ecosystems,6,0,0,6
University of Dallas,6,0,0,6
L'Oréal USA,6,0,0,6
International Product Foundation,6,0,0,6
Gravity Sketch,5,5,0,0
Dragos,5,1,4,0
Zurich North America,5,4,0,1
The Adecco Group US Foundation,5,5,0,0
Fluency Leadership,5,3,2,0
NoShitSecurity,5,5,0,0
Data Inspiration Group Ltd,5,5,0,0
Universidad Hemisferios,5,5,0,0
Learning Engine,5,5,0,0
mParticle,5,5,0,0
Orca Security,5,5,0,0
PowerED™ by Athabasca University,5,5,0,0
DISCO,5,5,0,0
CLO100,5,2,3,0
Hazelcast,5,3,0,2
ToftH (Transformations of the Human),5,5,0,0
Ampcus Cyber,5,0,4,1
Strategyn,5,0,5,0
Cummings Graduate Institute for Behavioral Health Studies,5,0,5,0
Neurointegration Institute,5,0,5,0
Coding Temple,5,0,5,0
Analytics Institute,5,0,5,0
nCino,5,0,5,0
NorQuest College,5,0,5,0
Unity Environmental University,5,0,5,0
DigitalCampus,5,0,5,0
PMO Global Institute Inc.,5,0,5,0
Elite Training,5,0,5,0
American Hospital Association,5,0,5,0
Wake Technical Community College,5,0,5,0
The Achieve Institute,5,0,5,0
5 Dynamics,5,0,5,0
Southern Utah University,5,0,5,0
Wind River,5,0,3,2
Knowledgence ABM Graduate School,5,0,5,0
EC-Council Associate,5,0,5,0
freeCE,5,0,5,0
Department of Public Safety Training and Certification,5,0,5,0
Carrefour de l’entrepreneuriat | uOttawa | Entrepreneurship Hub,5,0,5,0
VersaFi,5,0,5,0
"Medidata, a Dassault Systèmes company",5,0,5,0
Domo,5,0,4,1
Shared Assessments,5,0,4,1
Parks and Leisure Australia,5,0,3,2
Institute for Experiential Learning,5,0,5,0
The Gordon Institute of Business Science,5,0,5,0
Carnegie Mellon University - Heinz College Executive Education,5,0,5,0
Institute of Directors New Zealand,5,0,5,0
CLUB EXCELENCIA EN GESTION,5,0,5,0
Rapid Learning Cycles Institute,5,0,2,3
IAB Brasil,5,0,5,0
Earth2Mars,5,0,5,0
PM-ProSolutions,5,0,5,0
Practicing Excellence,5,0,3,2
Mentored Media,5,0,2,3
Candid,5,0,3,2
XelPlus,5,0,5,0
Riverbed Technology,5,0,5,0
Association for Accounting Marketing,5,0,1,4
Workearly,5,0,0,5
National Institutes of Health Director's Awards,5,0,0,5
Microsoft Employee Learning,5,0,0,5
Quest,5,0,0,5
Microsoft's Public Sector Center for Digital Skills,5,0,0,5
Defense Counterintelligence and Security Agency,5,0,0,5
National Society for Legal Technology,5,0,0,5
Pearson Higher Education International,5,0,0,5
Australian Computer Society (ACS),5,0,0,5
FIT Office of Online Learning and Academic Technologies,5,0,0,5
American College of Healthcare Sciences,5,0,0,5
Project Bonfire by IN2 Innovation,5,0,0,5
DevStream,5,0,0,5
Sisense,5,0,0,5
European Medical Writers Association,5,0,0,5
"Careers & Employability, University of Lincoln",5,0,0,5
FS-ISAC,5,0,0,5
Carlyle,5,0,0,5
SUNY Geneseo,5,0,0,5
Lumify Work Australia,5,0,0,5
Penn State Great Valley School of Professional Studies,5,0,0,5
Harper College,5,0,0,5
Agoda,5,0,0,5
"The University of Texas at San Antonio, Center for Global Development",5,0,0,5
Visa University (Internal Badging Programs),5,0,0,5
Universal Public Procurement Certification Council (UPPCC),5,0,0,5
Catchpoint,5,0,0,5
Beedie Luminaries,5,0,0,5
Tufts Center for the Study of Drug Development,5,0,0,5
Wintrust Financial,5,0,0,5
Experts Exchange,5,0,0,5
LG Electronics,5,0,0,5
Edgers,5,0,0,5
Universidad Externado de Colombia,4,4,0,0
Tigera,4,4,0,0
Xbox Game Camp,4,4,0,0
RECLA,4,1,3,0
MutualofOmaha.com,4,4,0,0
Chevron,4,4,0,0
Ellucian,4,4,0,0
Showpad,4,1,0,3
Blue Ridge Community and Technical College,4,4,0,0
Sociedad Ecuatoriana de Estadístca,4,1,3,0
University of Central Oklahoma,4,2,2,0
Competency & Credentialing Institute,4,1,0,3
The University of the West Indies,4,4,0,0
Upstart,4,4,0,0
Microsoft Cloud Operations + Innovation Learning,4,3,0,1
The Leadership Alliance Consortium,4,4,0,0
SkillsCamp Soft Skills Training,4,3,1,0
NASUWT,4,4,0,0
Amperity,4,4,0,0
University of St. Augustine for Health Sciences,4,4,0,0
Linaro,4,4,0,0
Rutgers University,4,1,0,3
Clio,4,4,0,0
Plan Sponsor Council of America (PSCA),4,4,0,0
Unstuck Learning Design,4,1,0,3
SHRM APAC,4,3,0,1
Society for Financial Education and Professional Development,4,4,0,0
Rio AI (UK) Limited,4,3,1,0
Fast track into Information Technology limited,4,4,0,0
Penn State College of Engineering,4,3,1,0
Functional Diagnostic Nutrition,4,0,4,0
CPA Ontario,4,0,4,0
CIRSx,4,0,4,0
Crystal Intelligence,4,0,4,0
"IPI, LLC",4,0,4,0
SeeMore Impact Labs,4,0,1,3
PRINTING United Alliance,4,0,4,0
Muhakat Institute,4,0,4,0
Technology & Leadership Center at Washington University in St. Louis,4,0,1,3
Center for Applied Linguistics,4,0,4,0
NalesEd,4,0,4,0
Fearless Living Institute,4,0,4,0
Inflexion Group | ABM Academy,4,0,1,3
Center for Sustainability and Excellence (CSE),4,0,4,0
"Tenova, LLC",4,0,4,0
Grow America,4,0,3,1
Darktrace,4,0,4,0
Real World Group,4,0,4,0
ORG AI,4,0,4,0
Independent Community Bankers of America (ICBA),4,0,4,0
Illinois Institute of Technology,4,0,2,2
comdivision consulting GmbH,4,0,4,0
Coro California,4,0,4,0
North American Transportation Management Institute (NATMI),4,0,4,0
Commission on Nurse Certification,4,0,4,0
METCELERATE Ltd,4,0,4,0
Magna Publications,4,0,4,0
University of Pittsburgh School of Pharmacy,4,0,4,0
Six Sigma College Düsseldorf,4,0,4,0
Disruption Advisors,4,0,4,0
3D Group,4,0,4,0
Pearson MePro,4,0,4,0
ETAP,4,0,4,0
Asian Institute of Insurance,4,0,4,0
Versa Networks,4,0,4,0
MinterEllison,4,0,4,0
Impact Africa Consulting Limited (IACL),4,0,3,1
DataRobot University,4,0,4,0
Japan Market Expansion Competition,4,0,4,0
Hospitality Quotient,4,0,4,0
AOTMP®,4,0,4,0
OUI-IOHE | Organización Universitaria Interamericana,4,0,2,2
CENTRUM PUCP Business School,4,0,4,0
"ROI Institute, Inc.",4,0,4,0
Strategic Horizons LLP,4,0,4,0
Australian Payroll Association,4,0,3,1
Iterum: Organisational Learning,4,0,4,0
Culture+,4,0,4,0
ALC Training,4,0,4,0
Probabl,4,0,4,0
Raise Centre for Youth Mentoring,4,0,0,4
American Board of Oral & Maxillofacial Surgery,4,0,0,4
West London Business,4,0,0,4
American Fence Association,4,0,0,4
The Hackett Group,4,0,0,4
Ministerio de Tecnologías de la Información y las Comunicaciones,4,0,0,4
Nassau Community College,4,0,0,4
Everpure (Internal),4,0,0,4
Anaplan,4,0,0,4
Pearson Professional Programs,4,0,0,4
RIMOWA,4,0,0,4
MeasureUp,4,0,0,4
HUB International,4,0,0,4
Enadoc,4,0,0,4
Synopsys,4,0,0,4
Experts Live,4,0,0,4
National Board for Certification in Hearing Instrument Sciences,4,0,0,4
The American Society of Addiction Medicine,4,0,0,4
Acaddemia,4,0,0,4
Unily,4,0,0,4
ZBC,4,0,0,4
Pexip AS,4,0,0,4
National Board of Nutrition Support Certification,4,0,0,4
AWS AWSome Awards,4,0,0,4
Clyde & Co,4,0,0,4
GFT BRASIL,4,0,0,4
Campus Compact,4,0,0,4
Training magazine,4,0,0,4
American Physical Society,4,0,0,4
Electronic Security Association,4,0,0,4
Fitch Learning,4,0,0,4
"Hitachi Academy Co., Ltd.",4,0,0,4
Iverson Associates,4,0,0,4
Positiva Compañía de Seguros,4,0,0,4
"Identitrain, Inc.",4,0,0,4
North American Drama Therapy Association,4,0,0,4
Eiffel Corp,4,0,0,4
Cotton Council International,4,0,0,4
Eli Lilly,4,0,0,4
CAUDIT (Council of Australasian University Directors of Information Technology Inc),4,0,0,4
Smartly,4,0,0,4
Smarter Consulting,4,0,0,4
"TechSkills, a techUK company",4,0,0,4
Itaú Chile,4,0,0,4
Education Design Lab,4,0,0,4
Microsoft Switzerland,4,0,0,4
University of North Dakota,3,2,0,1
Bacardi,3,3,0,0
Universidad Autónoma de Bucaramanga,3,2,0,1
Digital Architects NetWork,3,1,2,0
Sigma Computing,3,3,0,0
CIMA,3,3,0,0
ForAllSecure,3,3,0,0
STEAM Pakistan,3,3,0,0
ZIM Integrated Shipping,3,3,0,0
Syngenta Group,3,1,0,2
Cloudera Partner Network,3,3,0,0
Prague Training Academy,3,3,0,0
CT State Community College,3,3,0,0
PA Housing,3,1,0,2
PACE,3,3,0,0
Direct Effect,3,3,0,0
NetAlly,3,3,0,0
IACMI - The Composites Institute,3,1,0,2
CRH,3,3,0,0
KPMG AG,3,3,0,0
Center for Health Care Strategies,3,3,0,0
The Guardian Life Insurance Company of America,3,3,0,0
American College of Cardiology,3,3,0,0
iDesign,3,3,0,0
Verint,3,3,0,0
Fundación Universitaria Los Libertadores,3,3,0,0
Twilio,3,3,0,0
Scanifly,3,3,0,0
Cotton Incorporated,3,3,0,0
University of Colorado Anschutz Medical Campus,3,3,0,0
Queensborough Community College,3,3,0,0
Wesco International,3,3,0,0
Achev,3,3,0,0
3Shape,3,3,0,0
Campus Party Colombia,3,3,0,0
Syndigo,3,3,0,0
Industrial Relations,3,3,0,0
Global Affairs - Canada,3,3,0,0
GBM,3,2,0,1
Samsung Electronics - Mobile Experience Business,3,3,0,0
iCEV,3,2,0,1
No Patient Left Behind,3,3,0,0
Thomas Jefferson University,3,3,0,0
WorldQuant,3,3,0,0
Prosimo,3,3,0,0
NCR Voyix,3,3,0,0
Bayer U.S.,3,3,0,0
Microsoft - Growth + Experience,3,3,0,0
RiskIQ,3,3,0,0
Cardiff Metropolitan University,3,1,2,0
The University of Mississippi Medical Center,3,2,0,1
AWS Innovation Programs,3,3,0,0
RSA Security,3,0,3,0
The Academy for Advanced Women's Health Medicine,3,0,3,0
Alpha Development,3,0,1,2
Tencent Cloud,3,0,3,0
Graduate School Alliance For Education in Coaching,3,0,3,0
NetWitness,3,0,2,1
iManage LLC,3,0,3,0
Innovative Leadership Institute,3,0,3,0
IREM,3,0,3,0
Being First,3,0,3,0
acend.ch,3,0,3,0
National Association of Testing Authorities,3,0,3,0
TAFEcyber,3,0,3,0
EmergingEd,3,0,3,0
The Project Booth,3,0,3,0
BRE,3,0,3,0
dormakaba,3,0,3,0
PLUS UTS Business Futures,3,0,3,0
SkySafe,3,0,3,0
Talegent,3,0,3,0
LAK,3,0,3,0
SME - Society of Manufacturing Engineers,3,0,3,0
PBC Conference,3,0,3,0
Design Thinking Center,3,0,3,0
Vertex Inc.,3,0,3,0
GALILEU,3,0,2,1
University of Baltimore - Schaefer Center for Public Policy,3,0,3,0
Society of Technical Analysts,3,0,3,0
Frank Kern,3,0,3,0
Asia Pacific University of Technology and Innovation,3,0,3,0
OKR Consortium,3,0,3,0
American Animal Hospital Association (AAHA),3,0,3,0
Carroll University,3,0,3,0
Specialty Pharmacy Certification Board (SPCB),3,0,3,0
The Turbochargers,3,0,3,0
GICT Training & Certification,3,0,3,0
Compassionate Las Vegas,3,0,3,0
The Black In HR,3,0,3,0
The International Exit Planning Association,3,0,3,0
The Steele Method,3,0,3,0
International Association for Strategy Professionals,3,0,3,0
Techbridge Girls,3,0,3,0
The Forbes Funds,3,0,3,0
PAT Business School,3,0,3,0
Intelligent Careers Group,3,0,3,0
"International Carwash Association, Inc.",3,0,2,1
Southern University Law Center,3,0,3,0
Excel Communications Ltd,3,0,3,0
Quality Business Services,3,0,3,0
American University,3,0,3,0
Digital Health CRC,3,0,3,0
Aphasia Access,3,0,3,0
Pitch Camp,3,0,3,0
UNI / Wilson College of Business,3,0,3,0
StraighterLine,3,0,3,0
NIIT USA,3,0,3,0
Sandholm Associates AB,3,0,3,0
Planview,3,0,3,0
Sports Tech College,3,0,3,0
8kSec,3,0,3,0
Holden Advisors,3,0,3,0
Surgent Income Tax School,3,0,3,0
Virginia Commonwealth University School of Business Foundation,3,0,3,0
Association of Fundraising Professionals (AFP Global),3,0,3,0
Ascendient Learning,3,0,3,0
Ivey Business School Foundation,3,0,1,2
Space Force Association,3,0,3,0
FourthRev,3,0,3,0
PRMA,3,0,3,0
The Source Code Agency,3,0,3,0
Yale Center for Customer Insights,3,0,3,0
"Council on Licensure, Enforcement and Regulation (CLEAR) NCIT",3,0,3,0
INNOCOM Institute,3,0,2,1
Global Tecnologías Academy,3,0,3,0
Clean Energy Council,3,0,3,0
The Bluenergy,3,0,3,0
SISA Information Security,3,0,3,0
IMPACT Group,3,0,3,0
University of Montana,3,0,3,0
Inspire Performance,3,0,3,0
VyOS Networks,3,0,2,1
ChangeFit 360,3,0,3,0
National Workforce Career Association (NWCA),3,0,2,1
ALIF,3,0,3,0
International Advertising Association UK Ltd,3,0,3,0
The Regis Company,3,0,3,0
Leader 193,3,0,3,0
New Level Work,3,0,1,2
Coach Global | Coaching Australia,3,0,3,0
PM Partners,3,0,3,0
Consumer Bankers Association,3,0,3,0
Corporate Education Group,3,0,3,0
KLU Executive Education GmbH,3,0,3,0
EFIC,3,0,3,0
Oregon State University,3,0,3,0
The Oxford Group,3,0,2,1
Agile Moves GmbH.,3,0,1,2
Ad Tech Accelerator,3,0,3,0
Cigna,3,0,3,0
CDLLife,3,0,3,0
National Command and Staff College,3,0,3,0
Trinity College,3,0,3,0
Paradigm21 Executive Leadership Coaching Academy,3,0,3,0
"Courageous Leadership Alliance, INC.",3,0,3,0
Presentation Guild,3,0,3,0
Sense & Respond Learning,3,0,3,0
Crummer Graduate School of Business at Rollins College,3,0,0,3
Deloitte,3,0,0,3
City & Guilds - NRoSO,3,0,0,3
National Native American Human Resources Association,3,0,0,3
WGU,3,0,0,3
Independent Tertiary Education Council Australia (ITECA),3,0,0,3
Skyhigh Security,3,0,0,3
Universidad Privada del Norte,3,0,0,3
Jiffy Lube University,3,0,0,3
UNIVERSIDAD COOPERATIVA DE COLOMBIA,3,0,0,3
My Oracle Support Community,3,0,0,3
Change Enthusiasm Global,3,0,0,3
Microsoft Azure Database for MySQL,3,0,0,3
"University of Maryland, Baltimore County",3,0,0,3
Compass Training and Mentoring Program at Washington University School of Medicine in St. Louis,3,0,0,3
Pacific Oaks College,3,0,0,3
OCAD U CO,3,0,0,3
Abbott Laboratories,3,0,0,3
Climb Credit,3,0,0,3
The Trium Group,3,0,0,3
Microsoft Immersion Partner Program,3,0,0,3
Federal Aviation Administration Academy,3,0,0,3
Skills Solutions Service Delivery Team,3,0,0,3
Nikon Instruments,3,0,0,3
DLA Piper,3,0,0,3
Story2,3,0,0,3
Abatic Soluciones Tecnológicas,3,0,0,3
HPE Ezmeral Learn On-Demand,3,0,0,3
Power Platform Community Conference,3,0,0,3
Queensland Futures Institute,3,0,0,3
"University IT Technology Training, Stanford University",3,0,0,3
Rutgers Professional Science Masters Program,3,0,0,3
Australasian Reporting Awards,3,0,0,3
Connected Competence,3,0,0,3
LifeRamp,3,0,0,3
Columbus State Community College,3,0,0,3
Specialty Coffee Association,3,0,0,3
National Hemp Association,3,0,0,3
ThoughtSpot Sales Enablement,3,0,0,3
"AI-Native Training by Scaled Agile, Inc.",3,0,0,3
NSF National Data Science Alliance,3,0,0,3
Bizzkit,3,0,0,3
Upland Software,3,0,0,3
Mouse,3,0,0,3
Delta Mash,3,0,0,3
アドテック東京,3,0,0,3
Microsoft Cloud Operations + Innovation,3,0,0,3
Microsoft Marketing Learning Program,3,0,0,3
Aprending Talent Development,3,0,0,3
I&G Management,3,0,0,3
Eurapco Academy,3,0,0,3
Emporia State University,3,0,0,3
The University of New Mexico,3,0,0,3
TGH People Development Institute,3,0,0,3
Lumify Work NZ,3,0,0,3
Microsoft Leap,3,0,0,3
Fitch Group,3,0,0,3
Career and Technical Education Consortium of States (CTECS),3,0,0,3
Cherwell Software,3,0,0,3
Bidtellect,3,0,0,3
Scholastic,3,0,0,3
International RiverFoundation,3,0,0,3
Microsoft - Commercial Executive Negotiation Training Program,3,0,0,3
The People Ops Society (POPS),3,0,0,3
Smurfit Westrock,3,0,0,3
Harvard ManageMentor,3,0,0,3
ACM SIGUCCS,3,0,0,3
LaGuardia Community College,3,0,0,3
NC State DELTA,3,0,0,3
Grad School USA,3,0,0,3
Penn State Abington,3,0,0,3
LiveHire,3,0,0,3
Block 64,3,0,0,3
Capgemini LTC Team,3,0,0,3
Imparta,3,0,0,3
Orange County Paralegal Association (OCPA),3,0,0,3
Australian Cyber Collaboration Centre,3,0,0,3
Zeta Global,3,0,0,3
Dayforce,3,0,0,3
Lake Forest Graduate School of Management,3,0,0,3
Clean Harbors,3,0,0,3
Medline Industries,3,0,0,3
Gemstar,3,0,0,3
Axios HQ,3,0,0,3
Modern Campus,3,0,0,3
"AMIE, Inc.",3,0,0,3
Forté,3,0,0,3
East West Center,3,0,0,3
"Pepsico, Inc.",3,0,0,3
SunSpec Alliance,3,0,0,3
"Moebius Business Consulting, S.L.",3,0,0,3
AMTCE,3,0,0,3
BitTitan,2,2,0,0
CCCS Consejo Colombiano de Construcción Sostenible,2,2,0,0
Saginaw Intermediate School District,2,2,0,0
Nokia SALES,2,2,0,0
AWS Amplify,2,2,0,0
Finastra,2,2,0,0
Microsoft Data & AI Advocacy and Community Excellence,2,2,0,0
Anchor QEA,2,2,0,0
Bishop Druitt College,2,2,0,0
Techbridge,2,2,0,0
KPMG Australia,2,2,0,0
Microsoft Surface,2,2,0,0
"연세대학교 K-NIBRT 교육센터 (Yonsei Univ., K-NIBRT Education Centre)",2,2,0,0
Pearson Workforce Skills,2,2,0,0
Blackmores Institute,2,2,0,0
Clouxter,2,2,0,0
Municipal Works Australia,2,1,1,0
Pepsico,2,2,0,0
MePush,2,2,0,0
Wiley Education Services,2,1,0,1
Sydney School of Entrepreneurship,2,2,0,0
Minnesota State,2,1,0,1
Assembly Software,2,2,0,0
Talent Magnet Institute®,2,1,1,0
"Project Management Institute - Washington, DC Chapter",2,2,0,0
Manizales Más,2,2,0,0
Association of Middle Level Education,2,2,0,0
CUNY School of Labor and Urban Studies,2,2,0,0
SUNY New Paltz,2,1,1,0
Trend Micro,2,2,0,0
MACROSeguridad - MASEG,2,2,0,0
Kantata,2,2,0,0
University of Nevada - Las Vegas,2,2,0,0
Fiserv Inc.,2,2,0,0
Wichita State University,2,2,0,0
Postpartum Plan,2,2,0,0
ViewSonic,2,2,0,0
Fundación Universidad de América,2,2,0,0
Charles Darwin University,2,2,0,0
Worldwide Instructional Design System,2,2,0,0
Ubicquia,2,2,0,0
Automox,2,2,0,0
Pearson Virtual Schools,2,2,0,0
Cabrini University,2,2,0,0
Clemson University,2,2,0,0
Universidad Autónoma de Chile,2,2,0,0
Virginia Workforce Innovation and Entrepreneurship Center at Hampton University,2,2,0,0
Baylor University,2,1,1,0
"UMSL Office of Diversity, Equity, & Inclusion",2,1,1,0
University of Arizona,2,2,0,0
Wesley College,2,2,0,0
Thomson Reuters Legal Solutions and Technology,2,1,1,0
"Student Diversity Initiatives, Missouri S&T",2,2,0,0
She Loves Data,2,1,0,1
Sophos,2,1,0,1
Future Creators,2,2,0,0
Center for Credentialing & Education (CCE),2,0,2,0
American Association of Healthcare Administrative Management,2,0,2,0
Institute of Analytics Professionals of Australia,2,0,2,0
World Academy (WARD),2,0,2,0
Hyvä Themes B.V.,2,0,2,0
CyberCert,2,0,2,0
Association of Independent Schools of WA (AISWA),2,0,2,0
Tellabs Access LLC,2,0,2,0
Allen Academy,2,0,2,0
NACADA,2,0,2,0
TechWorld with Nana,2,0,2,0
PebblePad,2,0,1,1
Kappa Beta Delta,2,0,2,0
Canadian Investor Relations Institute (CIRI),2,0,2,0
Marist University,2,0,2,0
Element Corporation,2,0,2,0
Academy Leadership,2,0,2,0
International Dynamics Advisors,2,0,2,0
Capgemini University,2,0,2,0
MDRT Center for Field Leadership,2,0,2,0
Sales Management Institute,2,0,2,0
Quinnipiac University,2,0,2,0
The SABSA Institute,2,0,2,0
Inspire Leadership Network,2,0,2,0
William & Mary Studio for Teaching & Learning Innovation,2,0,2,0
Rutgers University Division of Continuing Studies,2,0,2,0
Anchor Excellence,2,0,2,0
Beacon Platform Inc.,2,0,2,0
Ed Leaders Network,2,0,2,0
International House Berkeley - Robertson Center for Intercultural Leadership,2,0,2,0
Auburn University at Montgomery Office of Continuing Education & Community Engagement,2,0,2,0
Digital Collegium,2,0,2,0
"NAGAP, The Association for Graduate Enrollment Management",2,0,2,0
Benchmark Consulting,2,0,2,0
National Council on Qualifications for Lighting Professions,2,0,2,0
The Process Fixer,2,0,2,0
"Springboard Consulting, LLC",2,0,2,0
CEimpact,2,0,2,0
Fundacion Santa Fe de Bogota,2,0,2,0
CLM Alliance (Claims and Litigation Management Alliance),2,0,2,0
Asia Pacific Sales & Marketing Academy Pte Ltd,2,0,2,0
Mitchell Hamline School of Law,2,0,2,0
iAccelerate,2,0,2,0
Ivar Jacobson International SA,2,0,2,0
University of Colorado Colorado Springs,2,0,2,0
Surgent Accounting and Financial Education,2,0,2,0
American Educational Institute,2,0,2,0
HIT Global,2,0,2,0
Skills City,2,0,2,0
Virtuoso,2,0,2,0
AFB Talent Lab,2,0,2,0
MAX Security,2,0,2,0
Barrett Consulting Group,2,0,2,0
The Florida Center for Public Management at FSU,2,0,2,0
AMCP,2,0,2,0
Community College of Vermont,2,0,2,0
Duke Farms,2,0,2,0
ITSM Hub,2,0,2,0
"William L. Sparks & Associates, LLC",2,0,2,0
Telfer Executive Programs,2,0,2,0
National Psoriasis Foundation,2,0,2,0
Infinited - Educación a lo Largo de la Vida - By Areandina,2,0,2,0
Rescale,2,0,2,0
Salience Learning,2,0,2,0
Humentum,2,0,2,0
ARMA International,2,0,2,0
1WorldSync,2,0,2,0
Alpha UMi,2,0,1,1
GSIMEL,2,0,2,0
AABC Commissioning Group,2,0,2,0
Georgia City Solutions,2,0,2,0
Bullet Journal®,2,0,2,0
Corporate Class Inc.,2,0,2,0
Octopus Deploy,2,0,2,0
ArtCenter College of Design,2,0,2,0
UniversityClass Business School,2,0,2,0
Ngee Ann Polytechnic,2,0,2,0
Science and Technology Policy Academy,2,0,2,0
Ducks Unlimited,2,0,2,0
EduBits (Otago Polytechnic),2,0,2,0
CNC Software,2,0,2,0
Attivo Consulting,2,0,2,0
Upright Education,2,0,2,0
Cadence Leadership + Communication,2,0,2,0
Supplier Diversity Training Institute™,2,0,2,0
TEACHO,2,0,2,0
The University of Alabama Teaching Innovation and Digital Education,2,0,2,0
Barkley Consulting Group,2,0,2,0
Universidad.Online®,2,0,2,0
Elanco,2,0,2,0
ChangeSync,2,0,2,0
CyberForward Academy,2,0,2,0
Connetico,2,0,0,2
Lockheed Martin,2,0,0,2
Amazon Web Services Japan G.K. (アマゾンウェブサービスジャパン合同会社),2,0,0,2
Vercel,2,0,0,2
"Division of Workforce Development and Continuing Education at Kingsborough Community College, CUNY",2,0,0,2
Lewis University,2,0,0,2
Santa Ana College,2,0,0,2
Future Women,2,0,0,2
Hospice and Palliative Credentialing Center,2,0,0,2
NCPDP,2,0,0,2
Coaching.com,2,0,0,2
StarRocks,2,0,0,2
Seacoast Bank,2,0,0,2
UNF Coggin Executive Programs,2,0,0,2
Oncology Nursing Certification Corporation,2,0,0,2
Saylor University,2,0,0,2
Microsoft Game Dev Ambassadors,2,0,0,2
Divergence Academy,2,0,0,2
Bittnet Training,2,0,0,2
Pearson - EQUELLA,2,0,0,2
Tenor,2,0,0,2
FINSIA,2,0,0,2
Domino's,2,0,0,2
Smith School of Enterprise and the Environment - University of Oxford,2,0,0,2
Skills Canada Alberta,2,0,0,2
American Society of Consultant Pharmacists,2,0,0,2
"Minnesota State University, Mankato",2,0,0,2
SITS Group,2,0,0,2
BranchED,2,0,0,2
Beaufort County Schools - North Carolina,2,0,0,2
Content Science,2,0,0,2
Australian Awards for University Teaching,2,0,0,2
LA Promise Fund,2,0,0,2
Impact Genius,2,0,0,2
Iru,2,0,0,2
Top Workplaces,2,0,0,2
Texas Certified Public Manager® Program,2,0,0,2
BESA (The Building Engineering Services Association),2,0,0,2
Volta Talent Strategies,2,0,0,2
Biohacking Village,2,0,0,2
National Association of Certified Credit Counselors,2,0,0,2
Uniti Group Inc.,2,0,0,2
TRAINOCATE,2,0,0,2
Infinite,2,0,0,2
National Emergency Training Center,2,0,0,2
Microsoft Corporation,2,0,0,2
Radar,2,0,0,2
Cayuga Community College,2,0,0,2
GVSU Faculty/Staff Professional Development,2,0,0,2
YOTA - Youth Opportunity and Transformation in Africa,2,0,0,2
IREC,2,0,0,2
ReadyTech,2,0,0,2
Baker Tilly,2,0,0,2
LTC4,2,0,0,2
Professional Association of Diving Instructors (PADI),2,0,0,2
TITAN Group,2,0,0,2
Nationwide,2,0,0,2
NATO Defense College,2,0,0,2
Future Media Concepts,2,0,0,2
ODI,2,0,0,2
Disruption Factory,2,0,0,2
ABRET Neurodiagnostic Credentialing and Accreditation,2,0,0,2
Fathers' UpLift,2,0,0,2
American Occupational Therapy Association,2,0,0,2
Creative Academy,2,0,0,2
AWS Technical Field Communities,2,0,0,2
LogicMonitor,2,0,0,2
Alaimo Labs,2,0,0,2
American Council on Education,2,0,0,2
Talentainstitute,2,0,0,2
Capitec Bank,2,0,0,2
RouteSmart Technologies,2,0,0,2
Noname Security,2,0,0,2
The NSLS,2,0,0,2
International Center of Photography,2,0,0,2
Bristol Myers Squibb,2,0,0,2
Versent,2,0,0,2
Shell,2,0,0,2
"Greater Winston-Salem, Inc.",2,0,0,2
UVA HR,2,0,0,2
CIMSPA,2,0,0,2
Business in the Community,2,0,0,2
Khoros,2,0,0,2
Pacific Community Ventures,1,1,0,0
Burton D. Morgan Foundation,1,1,0,0
Samsung Electronics GmbH,1,1,0,0
Edtech Insiders,1,1,0,0
Microsoft on behalf of NY MTA,1,1,0,0
The Heritage Group Accelerator,1,1,0,0
Autodesk Go-to-Market Enablement,1,1,0,0
Threatlocker,1,1,0,0
Microsoft 4Afrika,1,1,0,0
Fundación Forge,1,1,0,0
Franklin Skills,1,1,0,0
ProcessMaker,1,1,0,0
TenarisUniversity,1,1,0,0
BigPanda,1,1,0,0
Financial Executives Alliance,1,1,0,0
Molloy University,1,1,0,0
Enseña por Colombia,1,1,0,0
DeepIntent,1,1,0,0
intelliflo,1,1,0,0
Microsoft Datacenter Academy Program,1,1,0,0
7SIGNAL,1,1,0,0
"Wellmark, Inc.",1,1,0,0
Samsung Developers,1,1,0,0
East Stroudsburg University,1,1,0,0
Tressel Institute for Leadership and Teamwork,1,1,0,0
Chainguard,1,1,0,0
Fred Hutchinson Cancer Center Data Science Lab,1,1,0,0
AMCA International,1,1,0,0
Western Regional Minority Supplier Development Council,1,1,0,0
EarthScope Consortium,1,1,0,0
Microsoft AI & Sustainability Program,1,1,0,0
CR Certicorp,1,1,0,0
University of Pittsburgh,1,1,0,0
UNIMINUTO,1,1,0,0
Potomac Quantum Innovation Center (PQIC),1,1,0,0
Universidad Católica de Manizales,1,1,0,0
TechPoint,1,1,0,0
Virtana Corp.,1,1,0,0
UNICEF USA,1,1,0,0
Bartholomew Consolidated School Corporation,1,1,0,0
Spectrum Brands Canada,1,1,0,0
Universidad Simón Bolívar,1,1,0,0
Eastern Maine Community College,1,1,0,0
Rutgers Center for Organizational Leadership,1,1,0,0
Alteryx SparkED Education Program,1,1,0,0
Marshall Skills Exchange,1,1,0,0
YDC Data Economics University,1,1,0,0
Keyteach,1,1,0,0
Grandshake,1,1,0,0
Fitchburg State University,1,1,0,0
"Turkish Aerospace, Inc.",1,1,0,0
Algebra Bernays University,1,1,0,0
"University at Buffalo, Professional Development",1,1,0,0
Mentors in Tech,1,1,0,0
"Retool, Inc",1,1,0,0
ControlPlane,1,0,1,0
Smart Data Learning,1,0,1,0
k>fivefour,1,0,1,0
SecurityStudio Inc.,1,0,1,0
SpecterOps,1,0,1,0
ITCERT E.I.R.L,1,0,1,0
Independent Schools Queensland,1,0,1,0
ITCE Ltd,1,0,1,0
Veterinary Hospital Managers Association,1,0,1,0
WholeWorks,1,0,1,0
Canadian Association of Threat Assessment Professionals (CATAP),1,0,1,0
SDRs of Germany,1,0,1,0
OnePlan,1,0,1,0
AUPHA,1,0,1,0
NYU Tisch School of the Arts,1,0,1,0
Eastern Caribbean Joint Board of Teacher Education,1,0,1,0
Harvard Business Impact,1,0,1,0
The Fantastic Thinking Company,1,0,1,0
JumpCloud,1,0,1,0
Northius - Portugal,1,0,1,0
Johnson Controls,1,0,1,0
Bradley University,1,0,1,0
Atlas Learning Private Limited,1,0,1,0
National Cancer Registrars Association,1,0,1,0
PM4Success International Ltd.,1,0,1,0
BABL AI,1,0,1,0
Crafting A Strategy,1,0,1,0
Australian Institute of Fitness,1,0,1,0
"DEMA, The Diving Equipment & Marketing Association",1,0,1,0
American Board of Quality Assurance and Utilization Review Physicians® (ABQAURP),1,0,1,0
EDCHART INC,1,0,1,0
PathWise,1,0,1,0
Global Digital Assurance®,1,0,1,0
Technology and Training Solutions (TTS),1,0,1,0
Herrmann Asia,1,0,1,0
RTM Consulting,1,0,1,0
Bailey Balfour,1,0,1,0
Expandior Product Academy,1,0,1,0
Digital Strategy Consulting & Digital Training Academy,1,0,1,0
Semos Education,1,0,1,0
Rensselaer Polytechnic Institute,1,0,1,0
Alliance Safety Council,1,0,1,0
LaunchAny,1,0,1,0
University of The Bahamas,1,0,1,0
Lekeshia Angelique Consulting,1,0,1,0
The Centre for Social Impact,1,0,1,0
Magnetico Associazione Culturale,1,0,1,0
The Data Incubator,1,0,1,0
"Canonical, Ltd.",1,0,1,0
The Universal Coaching Alliance,1,0,1,0
"Racco & Associates, INC",1,0,1,0
ITOnlineLearning,1,0,1,0
Harford Community College,1,0,1,0
TECH I.S. Programming School,1,0,1,0
Infusion Nurses Certification Corporation (INCC),1,0,1,0
Bryant University Executive Education & Career Accelerator,1,0,1,0
AFOA Canada,1,0,1,0
Personify Leadership,1,0,1,0
INFOLAB,1,0,1,0
IAPRC (International Association of Professional Recovery Coaches),1,0,1,0
Rafay Systems,1,0,1,0
Big Nerd Ranch,1,0,1,0
Institute of Management Consultants NZ,1,0,1,0
Institute for Security and Safety at the UAS Mannheim,1,0,1,0
Clarkson University,1,0,1,0
Cuyahoga Community College,1,0,1,0
Bucharest International School of Management (BISM),1,0,1,0
CoffeeChat,1,0,1,0
Women Get On Board Inc.,1,0,1,0
MOSS School,1,0,1,0
Ellig Group,1,0,1,0
American Society of Pension Professionals & Actuaries (ASPPA),1,0,1,0
Equipment & Engine Training Council,1,0,1,0
Ramco Systems Limited,1,0,1,0
BAM-Mentors,1,0,1,0
QBITZ,1,0,1,0
Council for Professional Recognition,1,0,1,0
Bucks County Community College,1,0,1,0
Dynamic Advancement,1,0,1,0
Wireshark Certifications,1,0,1,0
H2H Advantage,1,0,1,0
TrainSec | Where pros train pros,1,0,1,0
OZ Insiders,1,0,1,0
SYSPRO,1,0,1,0
Stratasys,1,0,1,0
Datacomms Training,1,0,1,0
Saudi Contractors Authority,1,0,1,0
Centre for Customs and Excise Studies,1,0,1,0
Kaleris,1,0,1,0
The Globe and Mail,1,0,1,0
Lifelong Learning UDD,1,0,1,0
Finseca,1,0,1,0
Asociación Iberoamericana de Scrum AIBES,1,0,1,0
PMLA (Project Management Latin America),1,0,1,0
GRC Mastery,1,0,1,0
Institute for Motivational Living,1,0,1,0
GLOBAL KNOWLEDGE,1,0,1,0
DaCodes,1,0,1,0
ITCAD,1,0,1,0
Incus Services,1,0,1,0
Cybrary,1,0,1,0
Datalumina,1,0,1,0
Calvin University,1,0,1,0
ZiyoTek Institute of Technology,1,0,1,0
NextUp,1,0,1,0
"Suffolk University, Center for Continuing and Professional Education",1,0,1,0
American Association of Immunologists (AAI),1,0,1,0
Diversio,1,0,1,0
"Mercer Workforce Solutions, Pacific",1,0,1,0
Karrikins Group,1,0,1,0
GCentral,1,0,1,0
AI OWL,1,0,1,0
Thales Group,1,0,1,0
CVTCENTER,1,0,1,0
Light Brigade,1,0,1,0
The Australian Trade Union Institute (ATUI),1,0,1,0
Helene Parker Consulting,1,0,1,0
ECFC,1,0,1,0
Q2,1,0,1,0
SUNY Oswego,1,0,1,0
Pure Management Alliance,1,0,1,0
Effective Focus,1,0,1,0
Bid Academy,1,0,1,0
Campus Plus,1,0,1,0
Resource Management Institute,1,0,1,0
HITRUST,1,0,1,0
Miami Ad School Toronto,1,0,1,0
Instituto para la Calidad PUCP,1,0,1,0
Sofia University,1,0,1,0
MinCiencias,1,0,1,0
"UMBC Training Centers, LLC",1,0,1,0
Partnership for Public Service,1,0,1,0
University of Tennessee Institute for Public Service,1,0,1,0
OSMOSIS Association,1,0,0,1
Isograd,1,0,0,1
NovoEd,1,0,0,1
JAGGAER,1,0,0,1
Governors State University,1,0,0,1
"University at Albany, SUNY",1,0,0,1
Gender Intelligence Group,1,0,0,1
College Board,1,0,0,1
Bayer Global,1,0,0,1
ProEdge,1,0,0,1
NC State University,1,0,0,1
Independent Schools Victoria,1,0,0,1
Central New Mexico Community College,1,0,0,1
Unitec Institute of Technology,1,0,0,1
Leadership Contract Inc (LCI),1,0,0,1
Saint Louis University Workforce Center,1,0,0,1
Stony Brook University School of Professional Development,1,0,0,1
日経ビジネススクール ON-DEMAND,1,0,0,1
ProgramEarth,1,0,0,1
New York City Bar Association,1,0,0,1
Leadership Development | The Salvation Army Canada and Bermuda,1,0,0,1
Insight Experience (Inactive),1,0,0,1
Park University,1,0,0,1
IACC,1,0,0,1
The Australian and New Zealand School of Government,1,0,0,1
Sur La Table Online Culinary Institute,1,0,0,1
Cognizant,1,0,0,1
Strata Community Association,1,0,0,1
Swisscom,1,0,0,1
Global Press Institute,1,0,0,1
Mid-America Christian University,1,0,0,1
CEXDE - HS Hospitality School,1,0,0,1
Johnson County Community College,1,0,0,1
AMC Institute,1,0,0,1
Paradigm for Parity,1,0,0,1
Microsoft - Surface University,1,0,0,1
Microsoft Aspire MBA Experience,1,0,0,1
Pulumi,1,0,0,1
Inviqa,1,0,0,1
Lange International,1,0,0,1
Society of Interventional Radiology,1,0,0,1
Colonial Life & Accident Insurance Company,1,0,0,1
National Association of Social Workers,1,0,0,1
Prodigioso Volcan,1,0,0,1
National Center for Advancing Translational Sciences,1,0,0,1
Adthena,1,0,0,1
Mohawk Valley Community College,1,0,0,1
Elite,1,0,0,1
Penn State - Donald P. Bellisario College of Communications,1,0,0,1
"Learning, Career and Capability Development Council, Microsoft, India Development Center",1,0,0,1
Mayo Clinic,1,0,0,1
ETC - Enterprise Training Center,1,0,0,1
National Roofing Contractors Association,1,0,0,1
ASCP Board of Certification,1,0,0,1
Minnesota State Moorhead,1,0,0,1
USDA NRCS,1,0,0,1
Scale-Up Velocity,1,0,0,1
Camberwell Girls Grammar School,1,0,0,1
Prysmian North America,1,0,0,1
K&R Negotiations,1,0,0,1
National Institute For Certification In Engineering Technologies (NICET),1,0,0,1
UofL Health,1,0,0,1
Ontic Technologies,1,0,0,1
Empressa,1,0,0,1
Sopra Steria,1,0,0,1
Logan University,1,0,0,1
MindEdge,1,0,0,1
EDUTIC,1,0,0,1
"Credo, LLC",1,0,0,1
Colorado Community College System,1,0,0,1
Mindtools Kineo,1,0,0,1
Ontario Professional Planners Institute,1,0,0,1
SUNY Empire State University,1,0,0,1
SAIC,1,0,0,1
Avant Language (formerly Avant Assessment),1,0,0,1
Thomas Edison State University,1,0,0,1
Leanlab Education,1,0,0,1
ACAP,1,0,0,1
FAST OFFER International,1,0,0,1
Devolutions,1,0,0,1
OpenAI,1,0,0,1
ProTech Training,1,0,0,1
Medical University of South Carolina,1,0,0,1
Allegis Group APAC,1,0,0,1
Alverno College,1,0,0,1
Samsung Electronics - Samsung Business Academy,1,0,0,1
Escuela de Gobierno y Políticas Públicas de la Pontificia Universidad Católica del Perú,1,0,0,1
Carroll Community College,1,0,0,1
Easthome,1,0,0,1
SITRAIN Siemens Digital Industries Learning,1,0,0,1
AuraQuantic,1,0,0,1
GVSU Academic Badges,1,0,0,1
The PDC Ltd C/O The Institute of CPD,1,0,0,1
Gallagher Security,1,0,0,1
Milvus.io,1,0,0,1
Commission on Accreditation of Healthcare Management Education,1,0,0,1
St. John's University,1,0,0,1
College of the Muscogee Nation,1,0,0,1
DC3 Cyber Training Academy,1,0,0,1
Diskover Data Inc.,1,0,0,1
CAOLA,1,0,0,1
SECO-Institute,1,0,0,1
Center for Equity for English Learners (CEEL),1,0,0,1
Alliance For Continuing Education in the Health Professions,1,0,0,1
Handshake,1,0,0,1
IMAGE Skincare,1,0,0,1
Teepa Snow's Positive Approach to Care,1,0,0,1
Queensland Justices Association,1,0,0,1
American College of Healthcare Architects (ACHA),1,0,0,1
Texas A&M University-Kingsville,1,0,0,1
