"Control ID","Requirement","Criticality","Result"
"MS.AAD.1.1v1","Legacy authentication SHALL be blocked.","Shall","Pass"
"MS.AAD.2.1v1","Users detected as high risk SHALL be blocked.","Shall","Fail"
"MS.AAD.2.2v1","A notification SHOULD be sent to the administrator when high-risk users are detected.","Should/Not-Implemented","N/A"
"MS.AAD.2.3v1","Sign-ins detected as high risk SHALL be blocked.","Shall","Fail"
"MS.AAD.3.1v1","Phishing-resistant MFA SHALL be enforced for all users.","Shall","Fail"
"MS.AAD.3.2v1","If phishing-resistant MFA has not been enforced, an alternative MFA method SHALL be enforced for all users.","Shall","Fail"
"MS.AAD.3.3v2","If Microsoft Authenticator is enabled, it SHALL be configured to show login context information.","Shall","Fail"
"MS.AAD.3.4v1","The Authentication Methods Manage Migration feature SHALL be set to Migration Complete.","Shall","Pass"
"MS.AAD.3.5v1","The authentication methods SMS, Voice Call, and Email One-Time Passcode (OTP) SHALL be disabled.","Shall","Fail"
"MS.AAD.3.6v1","Phishing-resistant MFA SHALL be required for highly privileged roles.","Shall","Fail"
"MS.AAD.3.7v1","Managed devices SHOULD be required for authentication.","Should","Warning"
"MS.AAD.3.8v1","Managed Devices SHOULD be required to register MFA.","Should","Warning"
"MS.AAD.3.9v1","Device code authentication SHOULD be blocked.","Should","Warning"
"MS.AAD.4.1v1","Security logs SHALL be sent to the agency's security operations center for monitoring.","Shall/Not-Implemented","N/A"
"MS.AAD.5.1v1","Only administrators SHALL be allowed to register applications.","Shall","Fail"
"MS.AAD.5.2v1","Only administrators SHALL be allowed to consent to applications.","Shall","Pass"
"MS.AAD.5.3v1","An admin consent workflow SHALL be configured for applications.","Shall","Fail"
"MS.AAD.6.1v1","User passwords SHALL NOT expire.","Shall","Pass"
"MS.AAD.7.1v1","A minimum of two users and a maximum of eight users SHALL be provisioned with the Global Administrator role.","Shall","Pass"
"MS.AAD.7.2v1","Privileged users SHALL be provisioned with finer-grained roles instead of Global Administrator.","Shall","Fail"
"MS.AAD.7.3v1","Privileged users SHALL be provisioned cloud-only accounts separate from an on-premises directory or other federated identity providers.","Shall","Pass"
"MS.AAD.7.4v1","Permanent active role assignments SHALL NOT be allowed for highly privileged roles.","Shall","Fail"
"MS.AAD.7.5v1","Provisioning users to highly privileged roles SHALL NOT occur outside of a PAM system.","Shall","Fail"
"MS.AAD.7.6v1","Activation of the Global Administrator role SHALL require approval.","Shall","Fail"
"MS.AAD.7.7v1","Eligible and active highly privileged role assignments SHALL trigger an alert.","Shall","Fail"
"MS.AAD.7.8v1","User activation of the Global Administrator role SHALL trigger an alert.","Shall","Fail"
"MS.AAD.7.9v1","User activation of other highly privileged roles SHOULD trigger an alert.","Should","Warning"
"MS.AAD.8.1v1","Guest users SHOULD have limited or restricted access to Microsoft Entra ID directory objects.","Should","Pass"
"MS.AAD.8.2v1","Only users with the Guest Inviter role SHOULD be able to invite guest users.","Should","Pass"
"MS.AAD.8.3v1","Guest invites SHOULD only be allowed to specific external domains that have been authorized by the agency for legitimate business purposes.","Should/Not-Implemented","N/A"
"MS.POWERPLATFORM.1.1v1","The ability to create production and sandbox environments SHALL be restricted to admins.","Shall","Fail"
"MS.POWERPLATFORM.1.2v1","The ability to create trial environments SHALL be restricted to admins.","Shall","Fail"
"MS.POWERPLATFORM.2.1v1","A DLP policy SHALL be created to restrict connector access in the default Power Platform environment.","Shall","Fail"
"MS.POWERPLATFORM.2.2v1","Non-default environments SHOULD have at least one DLP policy affecting them.","Should","Warning"
"MS.POWERPLATFORM.3.1v1","Power Platform tenant isolation SHALL be enabled.","-","Error - Test results missing"
"MS.POWERPLATFORM.3.2v1","An inbound/outbound connection allowlist SHOULD be configured.","Should/Not-Implemented","N/A"
"MS.POWERPLATFORM.4.1v1","Content Security Policy (CSP) SHALL be enforced for model-driven and canvas Power Apps.","Shall/Not-Implemented","N/A"
"MS.POWERPLATFORM.5.1v1","The ability to create Power Pages sites SHOULD be restricted to admins.","Should","Warning"
"MS.POWERPLATFORM.6.1v1","The Share with Everyone feature SHOULD be disabled.","Should","Pass"
"MS.SHAREPOINT.1.1v1","External sharing for SharePoint SHALL be limited to ""Existing guests"" or ""Only people in your organization"".","Shall","Fail"
"MS.SHAREPOINT.1.2v1","External sharing for OneDrive SHALL be limited to ""Existing guests"" or ""Only people in your organization"".","Shall","Fail"
"MS.SHAREPOINT.1.3v1","External sharing SHALL be restricted to approved external domains and/or users in approved security groups per interagency collaboration needs.","Shall","Fail"
"MS.SHAREPOINT.2.1v1","File and folder default sharing scope SHALL be set to ""Specific people (only the people the user specifies)"".","Shall","Fail"
"MS.SHAREPOINT.2.2v1","File and folder default sharing permissions SHALL be set to view only.","Shall","Fail"
"MS.SHAREPOINT.3.1v1","Expiration days for Anyone links SHALL be set to 30 days or less.","Shall","Fail"
"MS.SHAREPOINT.3.2v1","The allowable file and folder permissions for links SHALL be set to view only.","Shall","Fail"
"MS.SHAREPOINT.3.3v1","Reauthentication days for people who use a verification code SHALL be set to 30 days or less.","Shall","Fail"
"MS.TEAMS.1.1v1","External meeting participants SHOULD NOT be enabled to request control of shared desktops or windows.","Should","Pass"
"MS.TEAMS.1.2v2","Anonymous users SHALL NOT be enabled to start meetings.","Shall","Pass"
"MS.TEAMS.1.3v1","Anonymous users and dial-in callers SHOULD NOT be admitted automatically.","Should","Pass"
"MS.TEAMS.1.4v1","Internal users SHOULD be admitted automatically.","Should","Pass"
"MS.TEAMS.1.5v1","Dial-in users SHOULD NOT be enabled to bypass the lobby.","Should","Pass"
"MS.TEAMS.1.6v1","Meeting recording SHOULD be disabled.","Should","Warning"
"MS.TEAMS.1.7v2","Record an event SHOULD NOT be set to Always record.","Should","Warning"
"MS.TEAMS.2.1v2","External access for users SHALL only be enabled on a per-domain basis.","Shall","Fail"
"MS.TEAMS.2.2v2","Unmanaged users SHALL NOT be enabled to initiate contact with internal users.","Shall","Fail"
"MS.TEAMS.2.3v2","Internal users SHOULD NOT be enabled to initiate contact with unmanaged users.","Should","Warning"
"MS.TEAMS.4.1v1","Teams email integration SHALL be disabled.","Shall","Fail"
"MS.TEAMS.5.1v2","Agencies SHOULD only allow installation of Microsoft apps approved by the agency.","Should","Warning"
"MS.TEAMS.5.2v2","Agencies SHOULD only allow installation of third-party apps approved by the agency.","Should","Warning"
"MS.TEAMS.5.3v2","Agencies SHOULD only allow installation of custom apps approved by the agency.","Should","Warning"
"MS.TEAMS.6.1v1","A DLP solution SHALL be enabled and SHOULD offer services comparable to the native DLP solution offered by Microsoft.","Shall/3rd Party","N/A"
"MS.TEAMS.6.2v1","The DLP solution SHALL protect personally identifiable information (PII) and sensitive information, as defined by the agency. At a minimum, sharing credit card numbers, taxpayer identification numbers (TINs), and Social Security numbers (SSNs) via email SHALL be restricted.","Shall/3rd Party","N/A"
"MS.TEAMS.7.1v1","Attachments included with Teams messages SHOULD be scanned for malware.","Should/3rd Party","N/A"
"MS.TEAMS.7.2v1","Users SHOULD be prevented from opening or downloading files detected as malware.","Should/3rd Party","N/A"
"MS.TEAMS.8.1v1","URL comparison with a blocklist SHOULD be enabled.","Should/3rd Party","N/A"
"MS.TEAMS.8.2v1","User click tracking SHOULD be enabled.","Should/3rd Party","N/A"
