"CHECK_ID","CHECK_TITLE","SERVICE_NAME","SEVERITY"
"admincenter_groups_not_public_visibility","Microsoft 365 group has Private visibility","admincenter","high"
"admincenter_settings_password_never_expire","Tenant password policy is set to never expire","admincenter","medium"
"admincenter_users_admins_reduced_license_footprint","Administrative user has no license or an allowed license (AAD_PREMIUM or AAD_PREMIUM_P2)","admincenter","high"
"admincenter_users_between_two_and_four_global_admins","Tenant has between two and four Global Administrators","admincenter","medium"
"defender_domain_dmarc_records_published","Exchange Online domain has a DMARC record published with an enforcement policy","defender","medium"
"defenderidentity_health_issues_no_open","Defender for Identity has no unresolved health issues affecting hybrid infrastructure monitoring","defenderidentity","medium"
"defenderxdr_critical_asset_management_pending_approvals","Critical asset management classifications are reviewed and approved","defenderxdr","medium"
"defenderxdr_endpoint_privileged_user_exposed_credentials","Privileged users do not have credentials exposed on vulnerable endpoints","defenderxdr","critical"
"entra_access_review_guest_users_configured","Access review for guest users is configured","entra","medium"
"entra_access_review_privileged_roles_configured","Access review for privileged roles is configured","entra","medium"
"entra_admin_consent_workflow_enabled","Admin consent workflow is enabled","entra","high"
"entra_admin_portals_access_restriction","Admin portals are accessible only to administrative roles","entra","medium"
"entra_admin_users_cloud_only","All users with administrative roles are cloud-only accounts","entra","high"
"entra_admin_users_mfa_enabled","Users in administrative roles require multifactor authentication via a Conditional Access policy for all applications","entra","high"
"entra_admin_users_phishing_resistant_mfa_enabled","At least one Conditional Access policy requires phishing-resistant MFA strength for administrator roles","entra","high"
"entra_admin_users_sign_in_frequency_enabled","Admin users have sign-in frequency enforced by Conditional Access at or below the recommended interval","entra","high"
"entra_all_apps_conditional_access_coverage","Conditional Access policy ensures comprehensive coverage for all cloud apps","entra","medium"
"entra_app_registration_client_secret_unused","Application registrations should not use client secrets","entra","medium"
"entra_app_registration_no_unused_privileged_permissions","App registration has no unused privileged API permissions","entra","medium"
"entra_authentication_method_authenticator_show_context","Microsoft Authenticator shows application name and geographic location","entra","medium"
"entra_authentication_method_email_otp_disabled","Email One-Time Passcode authentication method is disabled in the tenant","entra","medium"
"entra_authentication_method_sms_voice_disabled","SMS and Voice authentication methods are disabled in the tenant","entra","medium"
"entra_break_glass_account_fido2_security_key_registered","Break glass account has a FIDO2 security key registered for phishing-resistant authentication","entra","critical"
"entra_conditional_access_policy_all_apps_all_users","Conditional Access policy covers all cloud apps and all users","entra","low"
"entra_conditional_access_policy_app_enforced_restrictions","Conditional Access policy enforces application restrictions for unmanaged devices","entra","medium"
"entra_conditional_access_policy_approved_client_app_required_for_mobile","Conditional Access policy enforces approved client apps or app protection for mobile devices","entra","medium"
"entra_conditional_access_policy_authentication_transfer_blocked","Conditional Access policy blocks authentication transfer","entra","medium"
"entra_conditional_access_policy_block_elevated_insider_risk","Conditional Access Policy blocks access for users with elevated insider risk","entra","medium"
"entra_conditional_access_policy_block_high_medium_sign_in_risk","Conditional Access policy blocks high and medium sign-in risk","entra","high"
"entra_conditional_access_policy_block_o365_elevated_insider_risk","Conditional Access policy blocks Office 365 access for users with elevated insider risk","entra","medium"
"entra_conditional_access_policy_block_unknown_device_platforms","Conditional Access policy blocks access from unknown or unsupported device platforms","entra","medium"
"entra_conditional_access_policy_compliant_device_hybrid_joined_device_mfa_required","Conditional Access requires compliant device OR hybrid joined device OR MFA for admins or all users","entra","high"
"entra_conditional_access_policy_corporate_device_sign_in_frequency_enforced","Conditional Access policy enforces sign-in frequency for non-corporate devices","entra","medium"
"entra_conditional_access_policy_device_code_flow_blocked","Conditional Access policy blocks device code flow to prevent phishing attacks","entra","high"
"entra_conditional_access_policy_device_registration_mfa_required","Conditional Access policies enforce MFA for device registration","entra","high"
"entra_conditional_access_policy_directory_sync_account_excluded","Conditional Access policy excludes Directory Synchronization Accounts to protect Entra Connect sync","entra","medium"
"entra_conditional_access_policy_explicitly_targets_azure_devops","Conditional Access Policy explicitly targets Azure DevOps","entra","medium"
"entra_conditional_access_policy_groups_management_restricted","Conditional Access policy groups are management-restricted or role-assignable","entra","high"
"entra_conditional_access_policy_mdm_compliant_device_required","Conditional Access policy requires an MDM-compliant device for all cloud app access","entra","high"
"entra_conditional_access_policy_mfa_enforced_for_guest_users","Conditional Access Policy enforces MFA for guest and external users","entra","high"
"entra_conditional_access_policy_no_deleted_object_references","Conditional Access policies must not reference deleted users, groups, or roles","entra","medium"
"entra_conditional_access_policy_no_exclusion_gaps","Conditional Access exclusions are covered by another policy (no exclusion gaps)","entra","medium"
"entra_conditional_access_policy_require_mfa_for_management_api","Conditional Access Policy enforces MFA for Azure Management API access","entra","high"
"entra_conditional_access_policy_sign_in_frequency_all_users","Conditional Access policy enforces sign-in frequency for all users","entra","medium"
"entra_conditional_access_policy_token_protection_enforced","Conditional Access policy enforces Token Protection","entra","high"
"entra_conditional_access_policy_untrusted_locations_blocked","Conditional Access policy blocks access from untrusted locations","entra","medium"
"entra_default_app_management_policy_enabled","Default app management policy enforces credential restrictions on applications and service principals","entra","medium"
"entra_device_registration_global_admins_not_local_admins","Global Administrators are not added as local administrators during Entra join","entra","medium"
"entra_device_registration_join_restricted","Users allowed to join devices to Microsoft Entra are restricted","entra","medium"
"entra_device_registration_laps_enabled","Microsoft Entra Local Administrator Password Solution (LAPS) is enabled","entra","medium"
"entra_device_registration_max_devices_per_user_limited","Maximum number of devices per user is limited","entra","low"
"entra_device_registration_registering_user_not_local_admin","Registering user is not added as local administrator during Entra join","entra","medium"
"entra_directory_sync_object_takeover_blocked","Microsoft Entra directory sync must block object takeover (soft- and hard-matching)","entra","medium"
"entra_dynamic_group_for_guests_created","A dynamic membership group for guest users exists","entra","low"
"entra_emergency_access_exclusion","Emergency access exclusions prevent lockout from Conditional Access policies","entra","high"
"entra_identity_protection_sign_in_risk_enabled","At least one Conditional Access Identity Protection sign-in risk policy protects against high and medium risk sign-ins","entra","high"
"entra_identity_protection_user_risk_enabled","At least one Conditional Access policy enforces Identity Protection user risk for high-risk users","entra","high"
"entra_idle_session_timeout_configured","Idle session timeout of 3 hours or less is configured","entra","medium"
"entra_intune_enrollment_sign_in_frequency_every_time","Conditional Access requires strong authentication and Every Time sign-in frequency for Intune Enrollment","entra","high"
"entra_legacy_authentication_blocked","At least one Conditional Access policy blocks legacy authentication","entra","critical"
"entra_managed_device_required_for_authentication","Conditional Access policies require authentication from a managed device for all users and applications","entra","high"
"entra_managed_device_required_for_mfa_registration","Tenant has a Conditional Access policy that requires a managed device for MFA registration for all users","entra","high"
"entra_password_hash_sync_enabled","Organization has password hash synchronization enabled for hybrid deployments","entra","medium"
"entra_password_protection_custom_banned_list_enforced","Entra custom banned password list is enforced","entra","medium"
"entra_password_protection_lockout_duration_configured","Smart lockout duration is set to 60 seconds or more","entra","low"
"entra_password_protection_lockout_threshold_limited","Smart lockout threshold is set to 10 or less","entra","medium"
"entra_policy_default_user_cannot_create_m365_groups","Non-admin users cannot create Microsoft 365 groups","entra","medium"
"entra_policy_default_user_cannot_create_security_groups","Non-admin users cannot create security groups","entra","medium"
"entra_policy_default_user_cannot_read_bitlocker_keys","Non-admin users cannot read BitLocker keys for their owned devices","entra","medium"
"entra_policy_ensure_default_user_cannot_create_tenants","Tenant restricts non-admin users from creating tenants","entra","medium"
"entra_policy_guest_invitations_restricted_to_allowed_domains","Guest invitations are restricted to an allow-list of domains","entra","medium"
"entra_policy_guest_invite_only_for_admin_roles","Tenant guest invitations are restricted to specific admin roles or disabled","entra","high"
"entra_policy_guest_users_access_restrictions","Authorization policy restricts guest user access to properties and memberships of their own directory objects","entra","medium"
"entra_policy_restricts_user_consent_for_apps","User consent for applications is set to 'Do not allow user consent'","entra","high"
"entra_seamless_sso_disabled","Hybrid deployment does not have Seamless SSO enabled","entra","medium"
"entra_service_principal_no_secrets_for_permanent_tier0_roles","Secure credential management prevents client secret usage for service principals with permanent Tier 0 roles","entra","critical"
"entra_service_principal_privileged_role_no_owners","Service principals with privileged Entra directory roles must have no owners","entra","critical"
"entra_thirdparty_integrated_apps_not_allowed","Authorization policy disallows app creation by non-admin users","entra","high"
"entra_users_mfa_capable","User is MFA capable","entra","high"
"entra_users_mfa_enabled","Multifactor authentication is enforced for all users","entra","critical"
"exchange_application_access_policy_restricts_mailbox_apps","Apps with Exchange mailbox permissions must be scoped via Application Access Policy","exchange","medium"
"exchange_mailbox_primary_smtp_uses_custom_domain","Mailbox primary SMTP address must use a custom domain","exchange","low"
"intune_device_compliance_policy_unassigned_devices_not_compliant_by_default","Built-in Device Compliance Policy marks devices without an assigned compliance policy as Not compliant by default","intune","high"
"sharepoint_external_sharing_managed","External sharing is restricted using a non-empty domain allowlist or blocklist","sharepoint","high"
"sharepoint_external_sharing_restricted","Organization external sharing is set to Existing guests only, New and existing guests, or Disabled","sharepoint","high"
"sharepoint_guest_sharing_restricted","Guest users cannot share items they do not own","sharepoint","high"
"sharepoint_modern_authentication_required","Requires modern authentication for applications","sharepoint","high"
"sharepoint_onedrive_sync_restricted_unmanaged_devices","OneDrive sync from unmanaged devices is blocked","sharepoint","high"
