site,url,protocol_family,protocol_detail,raw_in_bbox,unique_in_bbox,notes
"socal.meshmapper.net","https://socal.meshmapper.net/","MeshCore","MeshCore (wardrive/coverage observation points)",23184,5379,"Raw points are repeated signal observations, not unique nodes; deduped by public_key (or rounded coords when key missing)"
"map.wcmesh.com","https://map.wcmesh.com/","MeshCore","MeshCore (public API feed)",1479,1479,"Total nodes in feed: 4975, with valid location: 2893"
"map.meshcore.io","https://map.meshcore.io/ (= map.meshcore.dev, = meshcore.co.uk/map.html)","MeshCore","MeshCore (official global map)",1172,1172,"Total global nodes: 64999. map.meshcore.dev redirects here; meshcore.co.uk/map.html iframes this same map."
"rns.wcmesh.com/socal","http://rns.wcmesh.com/socal/","MeshCore","MeshCore (live MQTT snapshot)",810,810,"Deduped by device_id key already"
"livemap.wcmesh.com/socal","https://livemap.wcmesh.com/socal/","MeshCore","MeshCore (live MQTT snapshot)",810,810,"Same backend software as rns.wcmesh.com; independent live snapshot moment"
"meshtastic.liamcottle.net","https://meshtastic.liamcottle.net/","Meshtastic","Meshtastic (global MQTT aggregator)",578,578,"Total global nodes: 31348, with position: 18124"
"meshview.world","https://meshview.world/","Meshtastic","Meshtastic (multi-instance Meshview aggregator)",572,572,"Sources contributing in bbox: {""https://meshview.socalmesh.org"":545,""https://my.meshview.world/mexico"":27}"
"meshview.socalmesh.org","https://meshview.socalmesh.org/map","Meshtastic","Meshtastic (Meshview instance, SoCal MQTT feed)",559,559,"Total nodes (active window): 848, with position: 571"
"mapping.kg6wxc.net","https://mapping.kg6wxc.net/meshmap/map_display.php","AREDN","AREDN (ham WiFi mesh, SoCal supernode)",416,416,"Total devices in DB: 3228, mappable: 1211, with position: 2973 (can include distant tunnel-linked nodes)"
"meshmap.net","https://meshmap.net/","Meshtastic","Meshtastic (global MQTT aggregator)",201,201,"Total global nodes: 9784, with position: 9784"
"cvcorescope.wcmesh.com","https://cvcorescope.wcmesh.com/#/map","MeshCore","MeshCore (CoreScope analytics)",66,66,"Total nodes tracked (all regions): 984"
"rmap.world","https://rmap.world/","Reticulum/RNS","Reticulum/RNS (global)",10,10,"Total global nodes: 782, with position: 614"
"meshmapper.net","https://meshmapper.net/","MeshCore","MeshCore (region-picker portal)",,,"Root domain is a region-selection portal/chat shell (live_regions ping feed only) - no direct global node-list API found; SoCal data is served by its regional instance, socal.meshmapper.net (listed separately)"
